# elotto v3 mode=649 focus=off score=high items=407/420 ranked=323 excl=84 void=0 blocks=4 paused_ms=0 pass_mean=-0,087758 pass_sigma=1,013669 pass_chi2=333,3502 pass_stouffer=-1,5772 v_eff=1,0560 null_flags=0 drift_t=0.00 unlimited=on runs_cap=100 rounds=5 run_s=1,00 run_segs=26087 gap_s=0,50
# nodes=master,192.168.178.145,192.168.178.155,192.168.178.103
order;item;n1;n2;n3;n4;n5;n6;e1;e2;z_raw;z_ctr;block;k;skip_rank;z0;z1;z2;z3;round
1;29;1;4;23;25;33;38;0;0;-0,355141;-0,2958;0;4;0;-2,084790;0,112864;1,257529;0,004115;1
2;6;1;4;16;23;25;33;0;0;-0,820082;-0,7607;0;4;0;0,268807;0,049821;-2,748315;0,789523;1
3;84;23;24;25;31;33;38;0;0;-0,213295;-0,1539;0;4;0;-1,341411;-0,294287;1,125314;0,083794;1
4;32;1;4;24;25;31;38;0;0;-0,627013;-0,5677;0;4;0;0,979790;-1,064810;0,304882;-1,473888;1
5;37;1;16;23;24;25;33;0;0;-1,630444;-1,5711;0;4;0;0,258300;-1,162877;-2,855138;0,498826;1
6;67;4;16;24;25;31;33;0;0;0,060767;0,1201;0;4;0;-0,401898;-0,624386;0,099993;1,047824;1
7;71;4;16;25;31;33;38;0;0;-1,500419;-1,4411;0;4;0;-0,437797;-1,787176;0,715536;-1,491400;1
8;65;4;16;23;25;33;38;0;0;0,247268;0,3066;0;4;0;-0,274061;-0,071011;-0,202087;1,041695;1
9;74;4;23;24;25;33;38;0;0;-0,926466;-0,8671;0;4;0;1,581323;-0,529822;-1,181002;-1,723432;1
10;52;1;23;24;25;31;38;0;0;-0,392354;-0,3330;0;4;0;-0,493835;0,747670;-0,755463;-0,283080;1
11;49;1;16;24;31;33;38;0;0;-1,082760;-1,0234;0;4;0;-1,804600;1,368466;-0,904314;-0,825073;1
12;9;1;4;16;23;31;38;0;0;-1,117346;-1,0580;0;4;0;-1,704782;-2,095385;1,277667;0,287808;1
13;82;16;23;25;31;33;38;0;0;-0,707130;-0,6478;0;4;0;0,028019;0,280103;-1,253676;-0,468706;1
14;63;4;16;23;25;31;33;0;0;0,470544;0,5299;0;4;0;0,403649;2,264199;-1,075930;-0,650829;1
15;57;4;16;23;24;25;31;0;0;0,677622;0,7370;0;4;0;0,338855;-0,092901;0,988721;0,120569;1
16;39;1;16;23;24;31;33;0;0;-1,067437;-1,0081;0;4;0;-0,936886;0,961315;-1,963783;-0,195520;1
17;5;1;4;16;23;25;31;0;0;0,829538;0,8889;0;4;0;-0,535864;1,772991;0,338155;0,083794;1
18;15;1;4;16;24;31;38;0;0;-1,655837;-1,5965;0;4;0;-1,307262;-1,510488;-0,658272;0,164349;1
19;40;1;16;23;24;31;38;0;0;1,953801;2,0132;0;4;0;1,782710;0,320380;0,613091;1,191421;1
20;44;1;16;23;25;33;38;0;0;0,629027;0,6884;0;4;0;0,978039;0,534025;-1,378886;1,124876;1
21;62;4;16;23;24;33;38;0;0;-0,432631;-0,3733;0;4;0;-0,277563;0,041065;-0,074250;-0,554514;1
22;50;1;16;25;31;33;38;0;0;-0,647589;-0,5882;0;4;0;0,146224;-0,704065;-0,943716;0,206378;1
23;35;1;4;25;31;33;38;0;0;0,021802;0,0812;0;4;0;-0,869465;0,275725;0,289997;0,347348;1
24;75;4;23;24;31;33;38;0;0;1,134683;1,1940;0;4;0;-0,241664;1,376347;0,209442;0,925241;1
25;34;1;4;24;31;33;38;0;0;-0,144998;-0,0856;0;4;0;-0,124334;-0,674295;1,414260;-0,905627;1
26;60;4;16;23;24;31;33;0;0;-0,917711;-0,8584;0;4;0;-2,316823;1,666168;-0,757214;-0,427553;1
27;4;1;4;16;23;24;38;0;0;-1,102461;-1,0431;0;4;0;-0,950895;0,203926;-1,557507;0,099555;1
28;30;1;4;23;31;33;38;0;0;1,120673;1,1800;0;4;0;0,207516;-0,703190;0,819731;1,917289;1
29;23;1;4;23;24;25;38;0;0;0,711332;0,7707;0;4;0;0,267932;0,289734;1,070151;-0,205152;1
30;8;1;4;16;23;31;33;0;0;-0,300416;-0,2411;0;4;0;-2,674065;1,296668;1,461542;-0,684977;1
31;28;1;4;23;25;31;38;0;0;1,362337;1,4217;0;4;0;-0,073550;2,302725;-0,223977;0,719476;1
32;16;1;4;16;24;33;38;0;0;1,255953;1,3153;0;4;0;-0,030646;1,114544;0,751435;0,676572;1
33;3;1;4;16;23;24;33;0;0;-1,368642;-1,3093;0;4;0;-0,587524;-0,321431;-1,189758;-0,638571;1
34;66;4;16;23;31;33;38;0;0;-0,079766;-0,0204;0;4;0;-0,963154;0,452595;0,194557;0,156469;1
35;61;4;16;23;24;31;38;0;0;-1,002643;-0,9433;0;4;0;-0,517476;0,672369;-1,521608;-0,638571;1
36;38;1;16;23;24;25;38;0;0;-0,049121;0,0102;0;4;0;-1,048086;0,256462;0,747057;-0,053674;1
37;77;4;24;25;31;33;38;0;0;0,269595;0,3289;0;4;0;0,151478;1,387729;-1,340360;0,340344;1
38;17;1;4;16;25;31;33;0;0;0,530961;0,5903;0;4;0;0,308209;0,180285;0,730421;-0,156994;1
39;42;1;16;23;25;31;33;0;0;0,236761;0,2961;0;4;0;-0,202262;1,012099;-0,672281;0,335966;1
40;13;1;4;16;24;25;38;0;0;-1,344563;-1,2852;0;4;0;-1,227583;-0,818768;0,016811;-0,659585;1
41;58;4;16;23;24;25;33;0;0;-0,074951;-0,0156;0;4;0;-1,195186;-1,561272;1,095544;1,511013;1
42;81;16;23;24;31;33;38;0;0;0,441212;0,5006;0;4;0;0,401898;0,248581;-0,027844;0,259789;1
43;36;1;16;23;24;25;31;0;0;0,883387;0,9427;0;4;0;0,246918;1,759857;0,797842;-1,037842;1
44;45;1;16;23;31;33;38;0;0;0,368976;0,4283;0;4;0;-0,394017;0,681125;-0,130288;0,581132;1
45;53;1;23;24;25;33;38;0;0;-0,895383;-0,8360;0;4;0;-0,563007;-0,200599;-1,615296;0,588137;1
46;54;1;23;24;31;33;38;0;0;-0,542518;-0,4832;0;4;0;-0,098067;-1,197901;-0,463014;0,673945;1
47;12;1;4;16;24;25;33;0;0;-0,631829;-0,5725;0;4;0;-1,316018;0,324758;-1,337733;1,065336;1
48;43;1;16;23;25;31;38;0;0;0,157958;0,2173;0;4;0;-0,198760;0,076089;0,059716;0,378870;1
49;10;1;4;16;23;33;38;0;0;-0,447954;-0,3886;0;4;0;0,456185;0,964817;-0,482277;-1,834633;1
50;83;16;24;25;31;33;38;0;0;-1,014463;-0,9551;0;4;0;0,170741;0,834354;-1,865716;-1,168305;1
51;64;4;16;23;25;31;38;0;0;-0,665539;-0,6062;0;4;0;-0,416783;-1,184767;0,399446;-0,128975;1
52;25;1;4;23;24;31;38;0;0;-1,274515;-1,2152;0;4;0;-1,878150;-0,568348;-0,639009;0,536477;1
53;78;16;23;24;25;31;33;0;0;-0,136243;-0,0769;0;4;0;-1,917552;1,192472;0,317140;0,135454;1
54;2;1;4;16;23;24;31;0;0;-0,422124;-0,3628;0;4;0;-0,770523;0,440336;-0,438498;-0,075564;1
55;14;1;4;16;24;31;33;0;0;-0,574478;-0,5151;0;4;0;0,123459;-0,436134;-0,864912;0,028632;1
56;26;1;4;23;24;33;38;0;0;0,631216;0,6906;0;4;0;0,408027;0,193419;1,404628;-0,743642;1
57;80;16;23;24;25;33;38;0;0;0,559855;0,6192;0;4;0;0,355491;0,776565;0,549173;-0,561519;1
58;46;1;16;24;25;31;33;0;0;0,425889;0,4852;0;4;0;-0,093689;0,902650;0,285619;-0,242802;1
59;20;1;4;16;31;33;38;0;0;-0,255323;-0,1960;0;4;0;-0,618170;-1,034164;0,503642;0,638046;1
60;55;1;23;25;31;33;38;0;0;1,078207;1,1376;0;4;0;0,478950;1,842163;0,100868;-0,265568;1
61;69;4;16;24;25;33;38;0;0;0,817280;0,8766;0;4;0;0,966656;-1,363388;1,810904;0,220387;1
62;19;1;4;16;25;33;38;0;0;-2,025775;-1,9664;0;4;0;-0,802044;-0,825773;-1,439302;-0,984431;1
63;27;1;4;23;25;31;33;0;0;0,693383;0,7527;0;4;0;0,010507;1,925344;0,794339;-1,343424;1
64;21;1;4;23;24;25;31;0;0;2,029978;2,0893;0;4;0;0,097191;1,493676;0,415207;2,053882;1
65;76;4;23;25;31;33;38;0;0;0,649604;0,7090;0;4;0;1,494640;0,349275;-0,560205;0,015498;1
66;56;1;24;25;31;33;38;0;0;0,697761;0,7571;0;4;0;0,438673;0,619833;-0,497162;0,834179;1
67;48;1;16;24;25;33;38;0;0;-1,155434;-1,0961;0;4;0;-1,011311;1,164453;-0,866663;-1,597347;1
68;41;1;16;23;24;33;38;0;0;0,055951;0,1153;0;4;0;0,381759;0,551537;0,052711;-0,874106;1
69;73;4;23;24;25;31;38;0;0;0,400060;0,4594;0;4;0;-1,929810;0,271347;1,662929;0,795653;1
70;1;1;4;16;23;24;25;0;0;-1,685169;-1,6258;0;4;0;-0,049033;-1,483344;0,093864;-1,931824;1
71;24;1;4;23;24;31;33;0;0;-0,498301;-0,4389;0;4;0;-0,824810;-0,351201;1,090290;-0,910881;1
72;59;4;16;23;24;25;38;0;0;-0,467655;-0,4083;0;4;0;0,004378;-0,837156;-0,243240;0,140708;1
73;22;1;4;23;24;25;33;0;0;0,495936;0,5553;0;4;0;-0,633930;0,561168;-0,230982;1,295617;1
74;70;4;16;24;31;33;38;0;0;0,229756;0,2891;0;4;0;-0,246042;-0,085896;-0,046231;0,837681;1
75;33;1;4;24;25;33;38;0;0;1,317244;1,3766;0;4;0;1,484132;2,737020;-0,642511;-0,944153;1
76;79;16;23;24;25;31;38;0;0;0,598819;0,6582;0;4;0;-0,175119;0,383423;0,667378;0,321956;1
77;31;1;4;24;25;31;33;0;0;0,370727;0,4301;0;4;0;0,780155;-1,120848;1,624403;-0,542256;1
78;68;4;16;24;25;31;38;0;0;-0,256637;-0,1973;0;4;0;-0,545495;0,631216;-0,155681;-0,443313;1
79;11;1;4;16;24;25;31;0;0;-0,142372;-0,0830;0;4;0;-0,617294;2,653839;-1,189758;-1,131531;1
80;7;1;4;16;23;25;38;0;0;0,453032;0,5124;0;4;0;-0,860709;1,230998;0,798717;-0,262941;1
81;18;1;4;16;25;31;38;0;0;-0,446641;-0,3873;0;4;0;-0,334477;-0,713697;-0,886802;1,041695;1
82;72;4;23;24;25;31;33;0;0;0,509509;0,5689;0;4;0;0,057789;1,512064;0,516776;-1,067612;1
83;51;1;23;24;25;31;33;0;0;1,457777;1,5171;0;4;0;-0,578768;2,404294;0,437097;0,652931;1
84;47;1;16;24;25;31;38;0;0;1,277843;1,3372;0;4;0;-0,786284;1,855297;1,268036;0,218636;1
85;59;7;14;15;25;26;43;0;0;-0,112951;-0,2587;1;4;0;0,032397;0,217498;0,586386;-1,062183;2
86;79;14;15;25;26;30;43;0;0;-1,671509;-1,8173;1;4;0;-0,181248;-2,362003;-0,531748;-0,268019;2
87;52;6;15;25;26;30;43;0;0;1,014376;0,8686;1;4;0;0,394017;1,258579;0,533850;-0,157695;2
88;26;6;7;15;25;32;43;0;0;-1,370305;-1,5161;1;4;0;0,046407;-2,038033;-0,960790;0,211806;2
89;54;6;15;25;30;32;43;0;0;1,415398;1,2696;1;4;0;0,731121;1,487109;0,615280;-0,002714;2
90;28;6;7;15;26;30;43;0;0;-0,162860;-0,3087;1;4;0;1,528788;-1,124788;-0,280453;-0,449267;2
91;8;6;7;14;15;30;32;0;0;0,597156;0,4514;1;4;0;0,271434;-0,399796;-0,086071;1,408744;2
92;10;6;7;14;15;32;43;0;0;0,377381;0,2316;1;4;0;0,477199;0,012609;-0,622810;0,887765;2
93;1;6;7;14;15;25;26;0;0;1,421090;1,2753;1;4;0;1,065598;0,163211;0,315827;1,297543;2
94;64;7;14;15;26;30;43;0;0;-1,588766;-1,7346;1;4;0;-1,044584;-1,412859;-0,059803;-0,660286;2
95;15;6;7;14;25;30;43;0;0;0,342357;0,1966;1;4;0;-0,559505;-0,318366;1,322760;0,239825;2
96;75;7;15;25;30;32;43;0;0;0,502153;0,3564;1;4;0;0,887853;1,297105;-0,854843;-0,325809;2
97;73;7;15;25;26;30;43;0;0;-0,713172;-0,8590;1;4;0;-2,261660;-0,657221;1,467233;0,025305;2
98;58;7;14;15;25;26;32;0;0;-0,050784;-0,1966;1;4;0;-1,540170;0,767371;0,885839;-0,214608;2
99;38;6;14;15;25;26;43;0;0;-0,327910;-0,4737;1;4;0;-1,014814;1,701630;-0,728757;-0,613879;2
100;4;6;7;14;15;25;43;0;0;-0,762205;-0,9080;1;4;0;-1,341411;-0,708006;0,612653;-0,087647;2
101;74;7;15;25;26;32;43;0;0;0,975850;0,8301;1;4;0;1,887781;0,555477;0,375367;-0,866926;2
102;53;6;15;25;26;32;43;0;0;1,981032;1,8352;1;4;0;0,965780;2,540449;0,339468;0,116366;2
103;49;6;14;25;30;32;43;0;0;-1,615471;-1,7613;1;4;0;-0,212769;-0,521504;-1,701542;-0,795127;2
104;18;6;7;14;26;30;43;0;0;0,561256;0,4155;1;4;0;-0,056914;-0,452332;-0,034411;1,666168;2
105;42;6;14;15;26;30;32;0;0;-0,267494;-0,4133;1;4;0;0,400147;-0,638834;0,034761;-0,331062;2
106;77;7;25;26;30;32;43;0;0;1,918865;1,7731;1;4;0;0,930757;-0,688742;1,523271;2,072444;2
107;72;7;15;25;26;30;32;0;0;-0,074863;-0,2207;1;4;0;-2,311569;0,487181;0,884963;0,789699;2
108;69;7;14;25;26;32;43;0;0;0,595842;0,4500;1;4;0;-0,436046;0,865437;-0,877608;1,639901;2
109;12;6;7;14;25;26;32;0;0;0,023641;-0,1222;1;4;0;0,302080;-0,188778;-1,368817;1,302797;2
110;82;14;15;26;30;32;43;0;0;-1,049400;-1,1952;1;4;0;-1,049838;0,396994;-2,350358;0,904401;2
111;17;6;7;14;26;30;32;0;0;0,851953;0,7062;1;4;0;-0,675083;0,700826;1,036441;0,641723;2
112;68;7;14;25;26;30;43;0;0;-0,619921;-0,7657;1;4;0;-1,504271;-0,695747;0,280803;0,679374;2
113;70;7;14;25;30;32;43;0;0;1,827803;1,6820;1;4;0;-0,256549;-0,775426;2,302550;2,385031;2
114;60;7;14;15;25;30;32;0;0;-1,864578;-2,0104;1;4;0;-0,007005;-2,631686;-0,002889;-1,087576;2
115;61;7;14;15;25;30;43;0;0;1,532290;1,3865;1;4;0;1,164540;0,423262;0,554864;0,921913;2
116;55;6;15;26;30;32;43;0;0;0,705291;0,5595;1;4;0;0,586648;1,014288;1,834107;-2,024462;2
117;47;6;14;25;26;30;43;0;0;-0,369063;-0,5149;1;4;0;0,267056;-0,113477;-0,289209;-0,602496;2
118;9;6;7;14;15;30;43;0;0;-0,580957;-0,7268;1;4;0;-0,124334;-0,559155;-0,510734;0,032309;2
119;6;6;7;14;15;26;32;0;0;1,178550;1,0328;1;4;0;0,044655;1,246321;-0,234046;1,300170;2
120;2;6;7;14;15;25;30;0;0;0,180372;0,0346;1;4;0;-0,172492;-0,042554;-0,327735;0,903526;2
121;48;6;14;25;26;32;43;0;0;0,517914;0,3721;1;4;0;0,889604;-0,642336;0,900724;-0,112164;2
122;80;14;15;25;26;32;43;0;0;-1,719230;-1,8650;1;4;0;-2,665309;-0,903263;-1,297018;1,427131;2
123;32;6;7;25;26;30;43;0;0;1,360673;1,2149;1;4;0;1,349291;1,699879;0,457673;-0,785496;2
124;71;7;14;26;30;32;43;0;0;0,334477;0,1887;1;4;0;-0,075301;0,510822;-0,660461;0,893894;2
125;21;6;7;15;25;26;30;0;0;-0,280628;-0,4264;1;4;0;2,133823;-2,164119;-0,179760;-0,351201;2
126;43;6;14;15;26;30;43;0;0;0,635244;0,4894;1;4;0;0,066545;0,960877;-1,119272;1,362337;2
127;46;6;14;25;26;30;32;0;0;-1,353231;-1,4990;1;4;0;0,154980;-2,708739;0,166100;-0,318804;2
128;62;7;14;15;25;32;43;0;0;0,775339;0,6295;1;4;0;-0,316965;-0,115228;0,900724;1,082147;2
129;56;6;25;26;30;32;43;0;0;-0,393142;-0,5389;1;4;0;-1,171545;0,272660;0,750997;-0,638396;2
130;19;6;7;14;26;32;43;0;0;-1,622476;-1,7683;1;4;0;-1,537544;-0,743905;-0,504605;-0,458899;2
131;57;7;14;15;25;26;30;0;0;-0,355929;-0,5017;1;4;0;0,900987;-0,850727;0,516338;-1,278455;2
132;44;6;14;15;26;32;43;0;0;1,486760;1,3410;1;4;0;-0,173368;0,597506;1,663367;0,886014;2
133;37;6;14;15;25;26;32;0;0;-0,657571;-0,8034;1;4;0;-1,110254;-0,344634;-0,540504;0,680249;2
134;3;6;7;14;15;25;32;0;0;0,239037;0,0932;1;4;0;-0,368625;0,490683;-0,709494;1,065511;2
135;22;6;7;15;25;26;32;0;0;0,124772;-0,0210;1;4;0;0,116454;0,861059;0,822796;-1,550765;2
136;36;6;14;15;25;26;30;0;0;1,484570;1,3388;1;4;0;-0,219774;1,902141;-0,158745;1,445519;2
137;41;6;14;15;25;32;43;0;0;-1,118134;-1,2639;1;4;0;-1,414085;0,319942;-1,342549;0,200424;2
138;16;6;7;14;25;32;43;0;0;-0,437798;-0,5836;1;4;0;0,403649;0,104546;-0,259439;-1,124351;2
139;78;14;15;25;26;30;32;0;0;-0,653631;-0,7994;1;4;0;0,094564;-0,392792;-1,198951;0,189916;2
140;7;6;7;14;15;26;43;0;0;-0,417658;-0,5635;1;4;0;0,295075;-0,411179;-0,540504;-0,178709;2
141;84;15;25;26;30;32;43;0;0;1,038017;0,8922;1;4;0;1,377310;-0,402423;0,703715;0,397432;2
142;11;6;7;14;25;26;30;0;0;1,436413;1,2906;1;4;0;0,420285;1,162264;1,028561;0,261715;2
143;14;6;7;14;25;30;32;0;0;0,569574;0,4238;1;4;0;1,078732;-0,538140;1,157273;-0,558717;2
144;25;6;7;15;25;30;43;0;0;2,528716;2,3829;1;4;0;-0,414156;-0,542518;3,472344;2,541763;2
145;35;6;7;26;30;32;43;0;0;1,684206;1,5384;1;4;0;0,487706;1,869744;1,461980;-0,451019;2
146;13;6;7;14;25;26;43;0;0;-0,737688;-0,8835;1;4;0;-0,278439;-0,998703;0,264167;-0,462401;2
147;45;6;14;15;30;32;43;0;0;-1,378185;-1,5240;1;4;0;-1,780959;-0,647590;0,203751;-0,531573;2
148;67;7;14;25;26;30;32;0;0;-0,463190;-0,6090;1;4;0;0,386137;-0,837594;-1,606103;1,131180;2
149;39;6;14;15;25;30;32;0;0;-0,643124;-0,7889;1;4;0;-0,028895;-0,514499;-1,029086;0,286232;2
150;76;7;15;26;30;32;43;0;0;2,054144;1,9083;1;4;0;0,546371;0,734098;0,335090;2,492729;2
151;40;6;14;15;25;30;43;0;0;0,781906;0,6361;1;4;0;1,344037;0,633405;-0,819819;0,406188;2
152;66;7;14;15;30;32;43;0;0;0,373003;0,2272;1;4;0;-0,437797;0,826036;1,307000;-0,949232;2
153;81;14;15;25;30;32;43;0;0;-0,111639;-0,2574;1;4;0;0,112952;1,098345;0,018125;-1,452699;2
154;5;6;7;14;15;26;30;0;0;0,999053;0,8533;1;4;0;0,818681;0,474922;-0,058927;0,763431;2
155;29;6;7;15;26;32;43;0;0;2,039697;1,8939;1;4;0;1,626854;1,196412;1,327138;-0,071011;2
156;27;6;7;15;26;30;32;0;0;-0,446115;-0,5919;1;4;0;2,181981;-1,235113;-1,529050;-0,310048;2
157;34;6;7;25;30;32;43;0;0;-2,370233;-2,5160;1;4;0;-0,829188;-1,700929;-0,501978;-1,708372;2
158;20;6;7;14;30;32;43;0;0;-0,077928;-0,2237;1;4;0;-1,432472;0,555477;0,112689;0,608450;2
159;30;6;7;15;30;32;43;0;0;1,617661;1,4719;1;4;0;0,237286;-0,544269;1,123125;2,419180;2
160;23;6;7;15;25;26;43;0;0;0,696973;0,5512;1;4;0;-0,425539;1,066824;0,349975;0,402686;2
161;51;6;15;25;26;30;32;0;0;-0,076614;-0,2224;1;4;0;0,034148;-1,155434;-0,044918;1,012975;2
162;63;7;14;15;26;30;32;0;0;0,962278;0,8165;1;4;0;-0,399271;1,275216;1,747424;-0,698812;2
163;31;6;7;25;26;30;32;0;0;0,139220;-0,0066;1;4;0;-0,235535;-0,428691;-0,332113;1,274778;2
164;50;6;14;26;30;32;43;0;0;0,150164;0,0044;1;4;0;-1,519156;0,453908;1,508386;-0,142809;2
165;83;14;25;26;30;32;43;0;0;0,086684;-0,0591;1;4;0;-0,063918;0,399621;-0,892493;0,730158;2
166;65;7;14;15;26;32;43;0;0;-0,127399;-0,2732;1;4;0;0,996426;-1,286773;-0,223539;0,259088;2
167;33;6;7;25;26;32;43;0;0;0,603284;0,4575;1;4;0;0,276688;0,292799;0,502328;0,134754;2
168;24;6;7;15;25;30;32;0;0;-1,831743;-1,9775;1;4;0;0,488582;-1,779733;-0,113214;-2,259121;2
169;72;9;22;32;38;42;46;0;0;-1,150706;-0,1099;2;4;1;-2,333459;1,135558;-1,190458;0,086947;3
170;59;9;15;22;32;38;49;0;0;-2,920720;-1,8799;2;4;1;-3,655606;-0,880060;-0,278089;-1,027685;3
171;10;8;9;15;22;46;49;0;0;1,804863;2,8457;2;4;1;-0,617294;2,164382;-1,609868;3,672505;3
172;51;8;22;32;38;42;46;0;0;-0,002364;1,0385;2;4;1;-1,247722;0,469231;-0,672106;1,445869;3
173;79;15;22;32;38;42;49;0;0;-0,873143;0,1677;2;4;1;-2,702960;-0,331062;1,796194;-0,508458;3
174;54;8;22;32;42;46;49;0;0;-2,861179;-1,8203;2;4;1;-2,141704;-1,083198;-0,989071;-1,508386;3
175;25;8;9;22;32;42;49;0;0;-0,332025;0,7088;2;4;1;-2,744112;-0,452770;1,462593;1,070239;3
176;68;9;15;32;38;42;49;0;0;-0,553113;0,4877;2;4;1;-2,889461;1,904330;1,149130;-1,270225;3
177;55;8;22;38;42;46;49;0;0;-1,510575;-0,4697;2;4;1;-2,110182;-2,569081;-0,419059;2,077172;3
178;77;9;32;38;42;46;49;0;0;-2,260959;-1,2201;2;4;1;-2,640792;-1,001767;-0,652843;-0,226516;3
179;39;8;15;22;32;42;46;0;0;-1,358222;-0,3174;2;4;1;-1,374683;-2,246863;1,472224;-0,567122;3
180;15;8;9;15;32;42;49;0;0;-3,481100;-2,4402;2;4;1;-3,031307;-1,362512;-1,138798;-1,429583;3
181;40;8;15;22;32;42;49;0;0;-1,316193;-0,2753;2;4;1;-2,348344;-0,107786;-0,166013;-0,010244;3
182;29;8;9;22;38;46;49;0;0;1,166117;2,2070;2;4;1;-0,248669;-0,875682;1,261206;2,195378;3
183;32;8;9;32;38;42;49;0;0;-0,360920;0,6799;2;4;1;-1,786212;-0,774113;0,432894;1,405592;3
184;48;8;15;32;38;46;49;0;0;0,061554;1,1024;2;4;1;-0,438673;0,705641;0,707830;-0,851691;3
185;58;9;15;22;32;38;46;0;0;-0,513711;0,5271;2;4;1;-2,290555;-1,294216;1,174522;1,382826;3
186;1;8;9;15;22;32;38;0;0;-1,415573;-0,3747;2;4;1;-4,620511;0,582183;0,626400;0,580782;3
187;18;8;9;15;38;42;49;0;0;-1,549977;-0,5091;2;4;1;-2,194239;-0,553463;-0,533762;0,181511;3
188;53;8;22;32;38;46;49;0;0;-0,829363;0,2115;2;4;1;-0,537615;0,208304;-1,281520;-0,047895;3
189;57;9;15;22;32;38;42;0;0;0,856156;1,8970;2;4;1;0,816054;0,049821;0,280540;0,565897;3
190;20;8;9;15;42;46;49;0;0;-1,122249;-0,0814;2;4;1;-2,813284;1,376347;-0,306108;-0,501453;3
191;9;8;9;15;22;42;49;0;0;-3,536701;-2,4959;2;4;1;-2,619778;-1,359010;-1,729824;-1,364789;3
192;11;8;9;15;32;38;42;0;0;-0,155593;0,8853;2;4;1;0,474572;-0,759228;0,045881;-0,072412;3
193;38;8;15;22;32;38;49;0;0;-2,069642;-1,0288;2;4;1;-1,178550;0,620709;-1,102899;-2,478545;3
194;75;9;22;32;42;46;49;0;0;0,283079;1,3239;2;4;1;0,896609;0,119869;1,070326;-1,520645;3
195;66;9;15;22;42;46;49;0;0;-1,176536;-0,1357;2;4;1;-1,739806;-1,653210;0,516951;0,522992;3
196;12;8;9;15;32;38;46;0;0;-0,286932;0,7539;2;4;1;-0,988546;0,804584;-0,386662;-0,003240;3
197;37;8;15;22;32;38;46;0;0;0,468268;1,5091;2;4;1;-0,844949;1,235376;-0,622197;1,168305;3
198;26;8;9;22;32;46;49;0;0;-1,701455;-0,6606;2;4;1;-2,176728;-0,475535;-0,331500;-0,419147;3
199;84;22;32;38;42;46;49;0;0;0,547072;1,5879;2;4;1;-0,484204;-0,839782;0,324320;2,093809;3
200;4;8;9;15;22;32;49;0;0;-0,868327;0,1725;2;4;1;-0,383510;0,656608;-0,692245;-1,317507;3
201;83;15;32;38;42;46;49;0;0;-2,447023;-1,4062;2;4;1;-2,016494;0,165400;-1,827891;-1,215062;3
202;42;8;15;22;38;42;46;0;0;-0,729545;0,3113;2;4;1;-1,864140;-0,997389;1,368029;0,034411;3
203;31;8;9;32;38;42;46;0;0;-1,558733;-0,5179;2;4;1;-1,727548;0,440336;-0,597681;-1,232574;3
204;28;8;9;22;38;42;49;0;0;-1,258842;-0,2180;2;4;1;-2,897341;1,408744;-0,034674;-0,994412;3
205;6;8;9;15;22;38;46;0;0;-2,317873;-1,2770;2;4;1;-3,059326;-0,450143;-0,976813;-0,149464;3
206;36;8;15;22;32;38;42;0;0;0,002014;1,0429;2;4;1;-1,166292;-1,009648;1,343512;0,836455;3
207;71;9;15;38;42;46;49;0;0;-0,793901;0,2469;2;4;1;-2,823792;1,236252;-1,713188;1,712925;3
208;80;15;22;32;38;46;49;0;0;-1,735165;-0,6943;2;4;1;-1,002555;-1,992940;-0,437447;-0,037388;3
209;50;8;15;38;42;46;49;0;0;-1,510575;-0,4697;2;4;1;-1,166292;-0,400234;-1,215850;-0,238775;3
210;7;8;9;15;22;38;49;0;0;-1,793392;-0,7525;2;4;1;-2,269541;-1,353756;-0,093338;0,129851;3
211;70;9;15;32;42;46;49;0;0;0,492346;1,5332;2;4;1;-0,079679;0,238950;-0,774551;1,599973;3
212;61;9;15;22;32;42;49;0;0;-2,292919;-1,2521;2;4;1;-1,970087;-1,281082;-1,226357;-0,108311;3
213;16;8;9;15;32;46;49;0;0;-0,807473;0,2334;2;4;1;-0,967532;-1,276704;-0,632704;1,261994;3
214;14;8;9;15;32;42;46;0;0;-0,377994;0,6629;2;4;1;-2,261660;0,400059;0,693821;0,411792;3
215;82;15;22;38;42;46;49;0;0;-1,664680;-0,6238;2;4;1;-1,814231;-1,643578;0,936361;-0,807911;3
216;34;8;9;32;42;46;49;0;0;-1,765373;-0,7245;2;4;1;-2,707338;0,867626;0,203488;-1,894523;3
217;41;8;15;22;32;46;49;0;0;1,001942;2,0428;2;4;1;0,323970;-0,642774;0,868064;1,454625;3
218;49;8;15;32;42;46;49;0;0;-1,114369;-0,0735;2;4;1;-1,765198;-0,087647;-0,723766;0,347874;3
219;63;9;15;22;38;42;46;0;0;-0,951946;0,0889;2;4;1;-0,836193;-0,151565;-0,440074;-0,476061;3
220;65;9;15;22;38;46;49;0;0;-1,722031;-0,6812;2;4;1;-3,293110;-0,648027;1,609693;-1,112618;3
221;13;8;9;15;32;38;49;0;0;-2,527578;-1,4867;2;4;1;-1,825614;-1,042920;-1,076631;-1,109991;3
222;64;9;15;22;38;42;49;0;0;-0,937937;0,1029;2;4;1;-1,055967;0,943803;-0,142372;-1,621338;3
223;45;8;15;22;42;46;49;0;0;-2,804704;-1,7639;2;4;1;-3,652979;-0,897572;-1,587978;0,529122;3
224;81;15;22;32;42;46;49;0;0;0,324670;1,3655;2;4;1;-1,590079;-0,312675;0,150077;2,402018;3
225;46;8;15;32;38;42;46;0;0;-1,513202;-0,4724;2;4;1;-1,319521;-1,000892;-0,675609;-0,030383;3
226;24;8;9;22;32;42;46;0;0;-0,943190;0,0977;2;4;1;-1,844002;-1,159374;0,926729;0,190267;3
227;62;9;15;22;32;46;49;0;0;-2,401055;-1,3602;2;4;1;-2,643419;0,620709;-0,751785;-2,027614;3
228;30;8;9;22;42;46;49;0;0;0,009019;1,0499;2;4;1;0,334477;-0,796003;0,418884;0,060679;3
229;27;8;9;22;38;42;46;0;0;1,233975;2,2748;2;4;1;-0,485955;-0,181336;1,178900;1,956340;3
230;60;9;15;22;32;42;46;0;0;-2,171212;-1,1304;2;4;1;-3,139006;-0,817893;0,090536;-0,476061;3
231;43;8;15;22;38;42;49;0;0;0,363634;1,4045;2;4;1;-1,724045;-0,252259;2,242747;0,460825;3
232;23;8;9;22;32;38;49;0;0;-1,562673;-0,5218;2;4;1;-2,428023;-0,914208;0,936361;-0,719476;3
233;35;8;9;38;42;46;49;0;0;-0,725605;0,3152;2;4;1;-1,563811;-1,087576;-0,131865;1,332042;3
234;21;8;9;22;32;38;42;0;0;-0,173543;0,8673;2;4;1;-1,897413;1,496303;-0,629202;0,683226;3
235;67;9;15;32;38;42;46;0;0;0,262065;1,3029;2;4;1;-1,062096;-0,455397;1,191158;0,850465;3
236;78;15;22;32;38;42;46;0;0;-1,815720;-0,7749;2;4;1;-2,052393;-3,075175;-0,112601;1,608729;3
237;3;8;9;15;22;32;46;0;0;-1,993903;-0,9531;2;4;1;-2,026125;-0,767108;-2,509103;1,314530;3
238;19;8;9;15;38;46;49;0;0;-2,303426;-1,2626;2;4;1;-0,747758;-1,652334;-1,230735;-0,976025;3
239;74;9;22;32;38;46;49;0;0;-0,112251;0,9286;2;4;1;-1,619849;0,875507;0,726218;-0,206378;3
240;44;8;15;22;38;46;49;0;0;-0,265043;0,7758;2;4;1;-1,367678;-0,516688;0,735849;0,618432;3
241;47;8;15;32;38;42;49;0;0;0,011646;1,0525;2;4;1;-0,792413;0,898272;0,510822;-0,593390;3
242;8;8;9;15;22;42;46;0;0;-0,301817;0,7390;2;4;1;-0,996426;0,066458;0,340081;-0,013747;3
243;22;8;9;22;32;38;46;0;0;-1,339834;-0,2990;2;4;1;-2,559362;0,504255;-0,050434;-0,574127;3
244;69;9;15;32;38;46;49;0;0;-1,279418;-0,2386;2;4;1;-1,256478;0,128625;-0,426064;-1,004920;3
245;5;8;9;15;22;38;42;0;0;-1,428269;-0,3874;2;4;1;-2,257282;0,902650;-1,742082;0,240176;3
246;52;8;22;32;38;42;49;0;0;-1,013676;0,0272;2;4;1;-1,527912;0,765182;-0,986445;-0,278176;3
247;2;8;9;15;22;32;42;0;0;-3,351950;-2,3111;2;4;1;-2,928863;-1,954414;-0,263204;-1,557420;3
248;17;8;9;15;38;42;46;0;0;-0,578505;0,4623;2;4;1;-2,352722;0,332638;1,899514;-1,036441;3
249;76;9;22;38;42;46;49;0;0;-1,449722;-0,4089;2;4;1;-2,277421;-0,612128;0,205239;-0,215134;3
250;33;8;9;32;38;46;49;0;0;-2,180405;-1,1396;2;4;1;-1,844877;-0,823146;-0,552150;-1,140637;3
251;73;9;22;32;38;42;49;0;0;-0,717287;0,3236;2;4;1;-0,546371;-2,886922;1,060695;0,938024;3
252;56;8;32;38;42;46;49;0;0;-1,378798;-0,3379;2;4;1;-2,407884;-2,792358;1,900390;0,542256;3
253;8;8;17;18;19;39;47;0;0;-0,090742;-0,3264;3;3;0;-0,697849;0,144473;0,191755;-0,493397;4
254;67;17;18;27;35;39;47;0;0;1,314111;1,0784;3;3;0;0,943015;1,587452;-0,490333;1,178988;4
255;66;17;18;19;39;47;49;0;0;-0,681700;-0,9174;3;3;0;-0,573514;-1,738055;-0,788035;1,345351;4
256;55;8;19;35;39;47;49;0;0;-0,257565;-0,4933;3;3;0;1,474501;-0,070048;-0,021890;-0,354178;4
257;34;8;17;27;39;47;49;0;0;0,955695;0,7200;3;3;0;-0,663700;-1,307262;2,465674;0,496900;4
258;28;8;17;19;35;39;49;0;0;0,488590;0,2529;3;3;0;-1,052464;-1,057718;0,674208;1,229772;4
259;16;8;17;18;27;47;49;0;0;-2,597133;-2,8328;3;3;0;0,605036;-0,979790;-1,601462;-1,917114;4
260;35;8;17;35;39;47;49;0;0;0,238354;0,0026;3;3;0;-1,121636;-0,076177;0,802920;-0,313901;4
261;53;8;19;27;35;47;49;0;0;-0,336932;-0,5726;3;3;0;-1,215325;-0,106823;0,044655;-0,521416;4
262;62;17;18;19;27;47;49;0;0;0,005308;-0,2304;3;3;0;-0,665452;-0,362496;-0,512223;0,883912;4
263;59;17;18;19;27;35;49;0;0;1,506716;1,2710;3;3;0;-0,857207;0,716236;1,196937;0,696535;4
264;30;8;17;19;39;47;49;0;0;1,139199;0,9035;3;3;0;-1,492013;-0,028895;1,740681;0,261365;4
265;54;8;19;27;39;47;49;0;0;-0,117028;-0,3527;3;3;0;0,031521;-0,551624;0,272310;0,076615;4
266;20;8;17;18;39;47;49;0;0;-0,796454;-1,0322;3;3;0;0,018387;-1,014814;0,746882;-1,111567;4
267;5;8;17;18;19;35;39;0;0;1,123529;0,8878;3;3;0;-1,386066;1,142651;-0,476323;1,279681;4
268;24;8;17;19;27;39;47;0;0;0,062432;-0,1733;3;3;0;2,112809;0,675959;-0,116454;-0,451369;4
269;47;8;18;27;35;39;49;0;0;0,966816;0,7311;3;3;0;1,165416;0,946517;1,371181;-0,643124;4
270;68;17;18;27;35;39;49;0;0;-0,491117;-0,7268;3;3;0;-0,594529;-0,035899;-1,106751;0,292011;4
271;37;8;18;19;27;35;47;0;0;1,740269;1,5046;3;3;0;-0,116454;2,456918;0,241664;0,315652;4
272;17;8;17;18;35;39;47;0;0;1,023434;0,7877;3;3;0;0,312587;1,952575;-1,224081;1,044146;4
273;3;8;17;18;19;27;47;0;0;-0,573518;-0,8092;3;3;0;0,284568;-2,442033;2,430650;-0,981979;4
274;23;8;17;19;27;35;49;0;0;-1,029501;-1,2652;3;3;0;-0,483328;-0,230281;-0,076177;-1,476690;4
275;15;8;17;18;27;39;49;0;0;2,092619;1,8569;3;3;0;0,438673;1,449109;1,184679;0,990735;4
276;26;8;17;19;27;47;49;0;0;-0,580089;-0,8158;3;3;0;0,930757;-0,493835;-0,513098;0,002189;4
277;41;8;18;19;27;47;49;0;0;0,027551;-0,2082;3;3;0;-1,939441;1,448233;-0,303831;-1,096682;4
278;32;8;17;27;35;39;49;0;0;-0,065971;-0,3017;3;3;0;1,099746;-2,230139;1,716165;0,399709;4
279;49;8;18;27;39;47;49;0;0;0,718097;0,4824;3;3;0;1,017441;1,401826;-1,027948;0,869903;4
280;79;18;19;27;35;39;49;0;0;0,254532;0,0188;3;3;0;-0,603284;0,242540;-1,569065;1,767387;4
281;38;8;18;19;27;35;49;0;0;0,171625;-0,0641;3;3;0;-0,607662;0,219774;-0,232908;0,310398;4
282;29;8;17;19;35;47;49;0;0;1,189752;0,9540;3;3;0;-1,008685;0,621672;0,844073;0,594966;4
283;69;17;18;27;35;47;49;0;0;0,005308;-0,2304;3;3;0;0,168990;-0,654069;0,147100;0,516163;4
284;77;17;27;35;39;47;49;0;0;2,111324;1,8756;3;3;0;0,316965;0,519227;1,304636;1,833057;4
285;71;17;18;35;39;47;49;0;0;-1,007257;-1,2430;3;3;0;-2,595262;-0,890479;-1,279243;0,425101;4
286;52;8;19;27;35;39;49;0;0;1,302484;1,0668;3;3;0;-0,165487;1,167167;-0,467567;1,556369;4
287;60;17;18;19;27;39;47;0;0;0,346031;0,1103;3;3;0;-0,351989;0,740753;-0,341482;0,200073;4
288;58;17;18;19;27;35;47;0;0;-0,365747;-0,6015;3;3;0;0,171616;0,168114;-0,070048;-0,731559;4
289;12;8;17;18;27;35;47;0;0;-0,338449;-0,5742;3;3;0;0,469319;0,182124;0,004378;-0,772712;4
290;46;8;18;27;35;39;47;0;0;0,310644;0,0749;3;3;0;-0,689093;0,321343;-0,130464;0,347173;4
291;39;8;18;19;27;39;47;0;0;0,043727;-0,1920;3;3;0;-0,464941;0,268807;1,280994;-1,474063;4
292;56;8;27;35;39;47;49;0;0;0,035639;-0,2001;3;3;0;-0,376506;0,238162;-0,048158;-0,128275;4
293;73;17;19;27;35;39;49;0;0;0,772694;0,5370;3;3;0;-0,378257;0,056038;1,525285;-0,242977;4
294;44;8;18;19;35;47;49;0;0;1,805481;1,5698;3;3;0;0,757389;0,229406;2,111933;0,785846;4
295;72;17;19;27;35;39;47;0;0;-1,443526;-1,6792;3;3;0;-0,156731;-2,833423;1,065598;-0,732435;4
296;25;8;17;19;27;39;49;0;0;-0,127645;-0,3634;3;3;0;-0,008756;-0,082306;0,028019;-0,166801;4
297;11;8;17;18;27;35;39;0;0;0,395068;0,1594;3;3;0;0,164612;-0,068296;-0,603284;1,355858;4
298;51;8;19;27;35;39;47;0;0;-1,123528;-1,3592;3;3;0;0,899235;-1,591830;0,643562;-0,997740;4
299;14;8;17;18;27;39;47;0;0;-0,059399;-0,2951;3;3;0;-0,681212;-1,018316;-0,286319;1,201753;4
300;65;17;18;19;35;47;49;0;0;-0,457248;-0,6930;3;3;0;0,969283;-1,086613;-0,989422;1,284059;4
301;50;8;18;35;39;47;49;0;0;1,495595;1,2599;3;3;0;0,146224;1,347540;-0,018387;1,261294;4
302;78;18;19;27;35;39;47;0;0;0,083159;-0,1525;3;3;0;-0,321343;0,579643;0,807298;-1,242906;4
303;43;8;18;19;35;39;49;0;0;1,837329;1,6016;3;3;0;1,352793;-0,518352;1,279243;2,421456;4
304;31;8;17;27;35;39;47;0;0;0,129667;-0,1060;3;3;0;1,178550;0,232032;1,371181;-1,378623;4
305;4;8;17;18;19;27;49;0;0;0,001769;-0,2339;3;3;0;-1,390444;-0,270559;0,809049;-0,535426;4
306;57;17;18;19;27;35;39;0;0;-0,284863;-0,5206;3;3;0;-1,515654;-0,901862;1,305511;-0,897046;4
307;21;8;17;19;27;35;39;0;0;1,828230;1,5925;3;3;0;-0,117330;0,559505;0,566510;2,040573;4
308;45;8;18;19;39;47;49;0;0;-0,184264;-0,4200;3;3;0;0,039402;0,900987;-0,455309;-0,764832;4
309;74;17;19;27;35;47;49;0;0;-1,423305;-1,6590;3;3;0;-0,830939;-1,695151;-0,072674;-0,697411;4
310;76;17;19;35;39;47;49;0;0;-0,747924;-0,9836;3;3;0;0,695222;-2,281799;-0,134842;1,121199;4
311;27;8;17;19;35;39;47;0;0;0,861666;0,6260;3;3;0;-0,679461;-0,005254;0,582270;0,915434;4
312;80;18;19;27;35;47;49;0;0;-2,464686;-2,7004;3;3;0;1,299382;-1,384315;-1,885155;-0,999491;4
313;10;8;17;18;19;47;49;0;0;0,144327;-0,0914;3;3;0;-0,041153;-0,893106;0,042904;1,100184;4
314;36;8;18;19;27;35;39;0;0;-0,464325;-0,7000;3;3;0;-0,551624;-1,653998;0,426414;0,423350;4
315;63;17;18;19;35;39;47;0;0;0,336932;0,1012;3;3;0;0,729370;-1,386066;1,377310;0,592340;4
316;64;17;18;19;35;39;49;0;0;1,286813;1,0511;3;3;0;-0,673332;-0,370376;0,586648;2,012554;4
317;48;8;18;27;35;47;49;0;0;-0,389001;-0,6247;3;3;0;-0,116454;-1,338784;-0,108574;0,773588;4
318;18;8;17;18;35;39;49;0;0;0,287896;0,0522;3;3;0;0,799418;-0,250420;-0,210143;0,959214;4
319;42;8;18;19;35;39;47;0;0;2,110313;1,8746;3;3;0;0,773150;0,304707;1,400951;1,949511;4
320;61;17;18;19;27;39;49;0;0;0,704449;0,4687;3;3;0;-0,085808;-0,849326;1,620725;0,448742;4
321;1;8;17;18;19;27;35;0;0;1,485990;1,2503;3;3;0;0,464065;-0,267932;0,859834;1,981908;4
322;6;8;17;18;19;35;47;0;0;-1,763522;-1,9992;3;3;0;0,912369;-1,069976;-1,657500;-0,327034;4
323;81;18;19;27;39;47;49;0;0;-0,721131;-0,9568;3;3;0;0,581395;-1,125139;-0,760891;0,636995;4
324;83;18;27;35;39;47;49;0;0;0,734275;0,4986;3;3;0;-0,689093;-0,619045;0,752136;1,138710;4
325;82;18;19;35;39;47;49;0;0;-1,327254;-1,5630;3;3;0;0,328348;-2,878954;-0,765269;1,345351;4
326;70;17;18;27;39;47;49;0;0;-0,618509;-0,8542;3;3;0;0,642686;-1,219703;0,883475;-0,735061;4
327;13;8;17;18;27;35;49;0;0;-0,524987;-0,7607;3;3;0;0,773150;-0,834441;-0,968407;0,893544;4
328;19;8;17;18;35;47;49;0;0;1,240305;1,0046;3;3;0;0,286319;-0,100693;1,601462;0,647502;4
329;7;8;17;18;19;35;49;0;0;0,653390;0,4177;3;3;0;1,759069;1,085737;0,936010;-0,890042;4
330;9;8;17;18;19;39;49;0;0;-0,281324;-0,5170;3;3;0;-1,026196;0,382635;0,099818;-0,969721;4
331;75;17;19;27;39;47;49;0;0;2,535459;2,2998;3;3;0;0,158483;0,809049;0,208391;3,374103;4
332;84;19;27;35;39;47;49;0;0;0,925363;0,6897;3;3;0;0,134842;-0,820432;1,109378;1,313829;4
333;40;8;18;19;27;39;49;0;0;1,308045;1,0723;3;3;0;0,587524;-0,643562;0,343233;2,565929;4
334;2;8;17;18;19;27;39;0;0;0,029068;-0,2066;3;3;0;0,583146;-1,052464;0,260052;0,842760;4
335;33;8;17;27;35;47;49;0;0;-0,559869;-0,7956;3;3;0;1,121636;-1,365927;-0,598031;0,994237;4
336;22;8;17;19;27;35;47;0;0;1,927818;1,6921;3;3;0;0,745131;0,353740;1,473625;1,511714;4
337;34;3;6;28;37;46;48;0;0;-0,208781;-0,2088;4;3;0;-0,309085;-0,643474;0,026443;0,255411;5
338;12;3;6;14;28;34;46;0;0;-1,727378;-1,7274;4;3;0;-0,371252;-0,950808;-0,920950;-1,120148;5
339;38;3;14;19;28;34;48;0;0;1,457427;1,4574;4;3;0;-0,781906;-0,893019;2,063951;1,353406;5
340;27;3;6;19;34;37;46;0;0;-0,719362;-0,7194;4;3;0;0,112076;0,656783;-0,433244;-1,469510;5
341;4;3;6;14;19;28;48;0;0;0,062179;0,0622;4;3;0;-1,226708;0,369588;-0,011208;-0,250683;5
342;45;3;14;19;37;46;48;0;0;-0,924605;-0,9246;4;3;0;-0,011383;-1,267773;-0,653018;0,319329;5
343;47;3;14;28;34;37;48;0;0;0,922583;0,9226;4;3;0;0,389639;-0,160146;0,408202;1,349904;5
344;52;3;19;28;34;37;48;0;0;-1,786019;-1,7860;4;3;0;1,047211;-0,981454;-1,263307;-0,848714;5
345;11;3;6;14;28;34;37;0;0;0,184011;0,1840;4;3;0;0,108574;-0,276600;1,384490;-0,789173;5
346;13;3;6;14;28;34;48;0;0;-0,180977;-0,1810;4;3;0;-0,051660;1,351130;-1,096069;-0,568523;5
347;54;3;19;28;37;46;48;0;0;0,151152;0,1512;4;3;0;-1,492013;0,574477;0,482628;-0,795302;5
348;46;3;14;28;34;37;46;0;0;-0,230013;-0,2300;4;3;0;1,895662;-1,429758;1,915100;-0,883737;5
349;51;3;19;28;34;37;46;0;0;1,177367;1,1774;4;3;0;-0,124334;1,111217;0,847750;0,080292;5
350;70;6;14;28;37;46;48;0;0;-1,582798;-1,5828;4;3;0;-0,626050;-2,335122;0,308384;-0,714748;5
351;6;3;6;14;19;34;46;0;0;-0,623312;-0,6233;4;3;0;-0,068296;-1,540083;-0,189829;0,650304;5
352;63;6;14;19;34;37;46;0;0;-0,871525;-0,8715;4;3;0;0,050784;-0,754675;0,272485;-1,027335;5
353;39;3;14;19;28;37;46;0;0;-2,089333;-2,0893;4;3;0;0,986795;-1,452523;-0,793989;-1,372319;5
354;67;6;14;28;34;37;46;0;0;-0,207770;-0,2078;4;3;0;-1,159287;0,085020;-0,477899;0,033010;5
355;71;6;14;34;37;46;48;0;0;-0,522206;-0,5222;4;3;0;0,906240;-1,392107;-0,851778;1,339397;5
356;28;3;6;19;34;37;48;0;0;0,447390;0,4474;4;3;0;-0,342357;-2,617939;1,755742;1,637099;5
357;77;6;28;34;37;46;48;0;0;-3,275799;-3,2758;4;3;0;-0,316090;-1,878062;-1,980419;-1,815370;5
358;23;3;6;19;28;34;48;0;0;0,397342;0,3973;4;3;0;-0,057789;-0,112864;-0,959476;1,760557;5
359;33;3;6;28;34;46;48;0;0;0,424641;0,4246;4;3;0;-0,747758;0,912457;0,295250;-0,472208;5
360;2;3;6;14;19;28;37;0;0;-0,198671;-0,1987;4;3;0;-0,346735;-0,576053;1,510575;-1,278630;5
361;57;6;14;19;28;34;37;0;0;0,568210;0,5682;4;3;0;-0,909742;-0,125122;0,592077;0,517214;5
362;1;3;6;14;19;28;34;0;0;-1,552972;-1,5530;4;3;0;-0,110325;-1,678427;-1,494464;0,483065;5
363;56;3;28;34;37;46;48;0;0;1,446306;1,4463;4;3;0;-0,417658;0,095527;0,804846;1,604702;5
364;29;3;6;19;34;46;48;0;0;-0,005055;-0,0051;4;3;0;-0,483328;1,637449;-0,587349;-1,058856;5
365;61;6;14;19;28;37;48;0;0;-1,171806;-1,1718;4;3;0;0,506094;-1,984885;1,058769;-1,103512;5
366;74;6;19;28;34;46;48;0;0;-0,642522;-0,6425;4;3;0;2,188986;-1,280907;0,217323;-0,049296;5
367;21;3;6;19;28;34;37;0;0;0,532317;0,5323;4;3;0;0,015761;-1,277405;0,671756;1,527649;5
368;8;3;6;14;19;37;46;0;0;0,877591;0,8776;4;3;0;-0,882599;0,676922;1,604264;-0,761154;5
369;26;3;6;19;28;46;48;0;0;1,703618;1,7036;4;3;0;-1,013063;0,096403;1,677814;1,176536;5
370;68;6;14;28;34;37;48;0;0;-0,385210;-0,3852;4;3;0;-1,189933;-1,108415;-0,457761;0,898973;5
371;9;3;6;14;19;37;48;0;0;-0,829061;-0,8291;4;3;0;0,513098;-0,747670;-0,871917;0,183612;5
372;15;3;6;14;28;37;48;0;0;-0,527768;-0,5278;4;3;0;-0,409778;-0,715273;1,096419;-1,295267;5
373;79;14;19;28;34;37;48;0;0;-0,964036;-0,9640;4;3;0;-0,616418;-2,040047;0,142021;0,228267;5
374;37;3;14;19;28;34;46;0;0;1,226403;1,2264;4;3;0;-0,028019;1,569153;0,876645;-0,321606;5
375;32;3;6;28;34;37;48;0;0;-1,186972;-1,1870;4;3;0;1,720543;-2,511993;0,341657;0,114440;5
376;7;3;6;14;19;34;48;0;0;-0,493392;-0,4934;4;3;0;-0,303831;-0,745043;1,197988;-1,307525;5
377;35;3;6;34;37;46;48;0;0;-1,270384;-1,2704;4;3;0;-1,888657;-0,197797;-0,105772;-1,896800;5
378;14;3;6;14;28;37;46;0;0;-1,831516;-1,8315;4;3;0;0,034148;-0,161022;-0,808874;-2,202382;5
379;17;3;6;14;34;37;46;0;0;-0,096555;-0,0966;4;3;0;0,062167;0,114790;1,268911;-1,550940;5
380;25;3;6;19;28;37;48;0;0;-0,684986;-0,6850;4;3;0;-1,461367;-0,741541;1,036879;-1,481768;5
381;62;6;14;19;28;46;48;0;0;-0,755760;-0,7558;4;3;0;-0,747758;-0,452595;0,008931;-0,865350;5
382;44;3;14;19;34;46;48;0;0;-0,902362;-0,9024;4;3;0;-0,260052;-0,958688;0,364422;-0,968670;5
383;42;3;14;19;34;37;46;0;0;-0,448906;-0,4489;4;3;0;-0,504342;-0,335265;-0,300154;-0,142109;5
384;30;3;6;19;37;46;48;0;0;-1,510002;-1,5100;4;3;0;0,437797;-2,259821;0,224327;-0,579906;5
385;49;3;14;28;37;46;48;0;0;-1,569654;-1,5697;4;3;0;-0,007880;-2,830709;0,588574;-0,476586;5
386;31;3;6;28;34;37;46;0;0;0,828049;0,8280;4;3;0;0,946517;-0,691632;1,566613;0,559242;5
387;41;3;14;19;28;46;48;0;0;-0,843720;-0,8437;4;3;0;-1,831743;0,444014;-0,307158;-1,598222;5
388;75;6;19;28;37;46;48;0;0;0,465083;0,4651;4;3;0;-0,893982;-0,225816;0,870516;0,160847;5
389;53;3;19;28;34;46;48;0;0;1,443273;1,4433;4;3;0;-0,436922;1,087576;1,078907;0,333339;5
390;55;3;19;34;37;46;48;0;0;-1,898750;-1,8988;4;3;0;-1,430721;-1,011224;-1,430546;-0,846962;5
391;3;3;6;14;19;28;46;0;0;0,195132;0,1951;4;3;0;-0,112952;0,232120;0,300504;-0,194645;5
392;64;6;14;19;34;37;48;0;0;-1,740015;-1,7400;4;3;0;-0,335353;-0,545408;-1,843826;-0,624561;5
393;20;3;6;14;37;46;48;0;0;0,133964;0,1340;4;3;0;-0,595404;1,127853;0,281241;-1,177061;5
394;18;3;6;14;34;37;48;0;0;-0,164295;-0,1643;4;3;0;0,709231;-1,330816;0,042204;1,004044;5
395;76;6;19;34;37;46;48;0;0;1,513035;1,5130;4;3;0;-0,203138;-0,598819;2,239070;0,980403;5
396;48;3;14;28;34;46;48;0;0;-0,612696;-0,6127;4;3;0;0,114703;-1,596996;-0,108399;0,644175;5
397;81;14;19;28;37;46;48;0;0;-1,815339;-1,8153;4;3;0;0,069172;-2,230051;-0,655645;-0,258563;5
398;59;6;14;19;28;34;48;0;0;-1,359861;-1,3599;4;3;0;-1,158411;-0,334389;0,601708;-2,622668;5
399;40;3;14;19;28;37;48;0;0;-0,761321;-0,7613;4;3;0;-1,123387;0,080642;-0,829013;-0,570275;5
400;83;14;28;34;37;46;48;0;0;-0,490864;-0,4909;4;3;0;-0,902738;-0,740665;-1,862214;1,752677;5
401;82;14;19;34;37;46;48;0;0;-0,188560;-0,1886;4;3;0;0,893982;-0,632967;-0,396469;0,702840;5
402;84;19;28;34;37;46;48;0;0;-1,246624;-1,2466;4;3;0;-0,306458;-0,717024;1,404628;-2,846820;5
403;60;6;14;19;28;37;46;0;0;-0,730483;-0,7305;4;3;0;-1,201315;0,780242;-0,723066;-1,322410;5
404;65;6;14;19;34;46;48;0;0;-0,268434;-0,2684;4;3;0;0,023641;-0,484992;-0,509421;0,529472;5
405;16;3;6;14;28;46;48;0;0;-1,578753;-1,5788;4;3;0;-1,949949;-0,372040;-0,857907;-1,504534;5
406;36;3;14;19;28;34;37;0;0;0,870514;0,8705;4;3;0;-0,515725;0,311799;0,031697;1,164278;5
407;10;3;6;14;19;46;48;0;0;0,303820;0,3038;4;3;0;-1,979719;-0,674996;1,066649;0,134579;5
