# elotto v3 mode=649 focus=off score=high items=346/5005 ranked=273 excl=73 void=0 blocks=4 paused_ms=0 pass_mean=0,000000 pass_sigma=1,022620 pass_chi2=284,4443 pass_stouffer=0,0000 v_eff=1,0201 null_flags=0 flush_timeouts=0 drift_t=0.00 unlimited=off runs_cap=100 rounds=1 run_s=1,50 run_segs=39130 gap_s=0,60 compacted=0 ent_w=0,600 ent_win=38 ent_h0=0,99789939 ent_sd=0,00013085 ent_n=273 ent_clamp=2 rank_mean=-0,022111 rank_sigma=3,201801 fw=3b4d8ed/5cba7061d053abab
# nodes=master,192.168.178.155,192.168.178.145,192.168.178.103
# fw_nodes=5cba7061d053abab,a0a5d77e03fcb942,a0a5d77e03fcb942,37175acddd1aa225
order;item;n1;n2;n3;n4;n5;n6;e1;e2;z_raw;z_ctr;block;k;skip_rank;z0;z1;z2;z3;round;zh_ctr;key;h0;h1;h2;h3
1;3088;4;23;25;32;38;43;0;0;1,667323;1,6320;0;4;0;0,679178;2,691690;0,687519;-0,723742;1;-1,2777;1,9684;1,4663;-0,3100;-0,2112;-206,7899
2;813;3;10;14;25;28;39;0;0;-1,909443;-1,9448;0;4;0;0,905809;0,604826;-1,455824;-3,873698;1;8,5547;-8,1967;1,6709;-0,5864;-1,3986;-185,8659
3;1336;3;14;23;25;26;39;0;0;-0,592196;-0,6275;0;4;0;1,088830;1,886685;-2,310159;-1,849748;1;-0,0647;-0,2942;-1,5118;0,0706;-1,1932;-200,7843
4;2995;4;16;26;32;36;43;0;0;-0,570390;-0,6057;0;4;0;-0,007864;1,381234;-1,040453;-1,473697;1;-4,0057;2,9970;-0,2320;0,9450;1,6202;-213,6341
5;3635;10;16;23;25;28;38;0;0;0,064105;0,0288;0;4;0;0,827882;0,948705;-0,305511;-1,342866;1;-4,0354;3,3736;-0,4154;0,4615;1,9085;-213,3148
6;4966;25;27;28;38;39;43;0;0;-1,079416;-1,1148;0;4;0;-0,930117;0,025737;-0,187548;-1,066905;1;3,4519;-3,4905;-0,5596;-0,6097;-1,3814;-193,8348
7;2741;4;14;25;28;32;43;0;0;1,996903;1,9616;0;4;0;1,432708;2,314210;0,820495;-0,573608;1;4,6379;-2,7709;-0,2215;-0,5802;-0,8581;-192,3539
8;557;3;4;23;27;28;38;0;0;-0,000953;-0,0363;0;4;0;-0,055049;0,816444;-0,685136;-0,078165;1;-3,0000;2,4760;-0,0979;-2,9554;-0,1609;-206,0751
9;1940;3;25;28;36;39;43;0;0;1,299851;1,2645;0;4;0;1,409116;1,715818;-0,670837;0,145606;1;6,2169;-4,4714;2,0702;-0,0383;2,2766;-195,1641
10;2508;4;14;16;23;26;32;0;0;-1,261365;-1,2967;0;4;0;-0,295979;-1,362646;-0,773072;-0,091034;1;-2,4255;1,2989;0,7142;0,7341;-0,6961;-208,8926
11;3200;4;25;27;28;32;38;0;0;2,383319;2,3480;0;4;0;1,410546;1,851654;1,148645;0,355794;1;7,9830;-5,3398;0,4451;-0,9055;-1,1791;-185,6840
12;581;3;4;23;32;36;39;0;0;1,347751;1,3124;0;4;0;0,744951;1,455586;0,681799;-0,186834;1;-3,1826;3,3760;0,7155;1,2295;-0,2558;-211,3437
13;2201;4;10;16;23;38;39;0;0;1,087877;1,0525;0;4;0;0,132261;2,033245;-1,301401;1,311648;1;-4,0748;3,9742;0,7422;0,1709;-0,5107;-211,8412
14;1791;3;23;25;28;36;38;0;0;0,843373;0,8080;0;4;0;-0,322431;0,608401;2,191005;-0,790230;1;1,9992;-1,2152;-0,0138;0,4926;-0,0128;-199,7570
15;63;3;4;10;16;23;39;0;0;1,565446;1,5301;0;4;0;0,925112;1,166756;1,003515;0,035508;1;4,1535;-2,6072;-0,1469;-0,8471;0,6359;-194,6242
16;1786;3;23;25;27;39;43;0;0;-1,638130;-1,6735;0;4;0;-0,694192;1,314746;-1,330712;-2,566102;1;-5,8187;3,9132;-0,7916;1,0472;-0,3364;-214,8458
17;4388;14;23;27;28;36;39;0;0;0,198153;0,1628;0;4;0;-0,333155;0,262377;-0,364850;0,831934;1;4,7414;-3,8548;0,4644;-1,0715;-1,9341;-191,2653
18;3265;4;26;32;36;38;43;0;0;-1,229551;-1,2649;0;4;0;-0,136551;-0,412511;-1,071195;-0,838845;1;3,9039;-3,9499;0,7521;-1,5844;-1,0950;-193,5542
19;2475;4;10;27;32;36;43;0;0;-0,131784;-0,1671;0;4;0;0,097230;-0,836461;-1,026870;1,502533;1;2,7743;-2,4010;1,7066;-0,0454;0,6064;-200,0083
20;4070;10;27;28;38;39;43;0;0;1,290915;1,2556;0;4;0;0,852905;1,842360;0,371522;-0,484957;1;0,5632;0,2279;0,5806;0,9112;-0,6777;-202,9770
21;172;3;4;10;26;28;36;0;0;0,115579;0,0802;0;4;0;0,047900;1,266131;-0,996128;-0,086744;1;3,1385;-2,5669;1,6321;0,7756;-0,1265;-199,2934
22;1024;3;10;23;25;36;39;0;0;1,044623;1,0093;0;4;0;-0,392493;0,660590;1,260888;0,560262;1;7,7392;-5,8795;0,3085;0,5639;0,6706;-189,3540
23;144;3;4;10;25;27;28;0;0;-0,081382;-0,1167;0;4;0;-2,092583;4,062915;-0,469944;-1,663152;1;-5,1180;4,1937;-0,3045;-0,1587;-0,2021;-212,8600
24;4262;14;16;27;28;36;39;0;0;0,105571;0,0702;0;4;0;-0,700626;1,750850;-1,205601;0,366518;1;3,6013;-2,9575;-1,0055;1,3232;-2,1122;-194,2921
25;637;3;4;25;32;36;39;0;0;-1,999167;-2,0345;0;4;0;0,363182;0,065058;-2,098541;-2,328032;1;-6,9178;4,6274;2,0416;-0,2577;-0,5987;-218,3100
26;4853;23;25;28;32;36;43;0;0;-0,775217;-0,8106;0;4;0;-0,639142;2,049688;0,116294;-3,077273;1;3,1325;-3,0560;1,4550;-0,5724;0,8571;-198,7641
27;4615;16;23;26;28;32;36;0;0;0,951326;0,9160;0;4;0;-0,662020;2,521538;1,120048;-1,076914;1;-2,6080;2,6781;1,3805;0,6370;-0,3409;-210,1818
28;2307;4;10;23;25;32;38;0;0;0,605303;0,5700;0;4;0;0,280250;1,119571;0,518082;-0,707298;1;2,5971;-1,8448;-1,6329;-0,0823;1,3281;-197,7080
29;1410;3;14;23;32;39;43;0;0;-2,027764;-2,0631;0;4;0;-0,176586;0,066488;-1,053322;-2,892107;1;9,5602;-9,0990;1,4243;-1,5181;-0,0619;-184,0132
30;2772;4;14;26;27;39;43;0;0;0,738636;0,7033;0;4;0;0,069348;1,394817;-0,227584;0,240691;1;2,2077;-1,4468;-0,0159;0,7526;0,1036;-199,7141
31;4605;16;23;26;27;32;36;0;0;-0,630802;-0,6661;0;4;0;-1,052369;2,464344;-1,496575;-1,177004;1;-8,5124;6,7132;0,8794;-0,9070;-0,7497;-219,5368
32;1417;3;14;25;26;27;36;0;0;0,586714;0,5514;0;4;0;0,615550;1,376229;-0,499255;-0,319095;1;5,9523;-4,6468;1,6359;-0,5010;1,4428;-193,9624
33;4108;14;16;23;25;38;43;0;0;0,663569;0,6282;0;4;0;-0,293119;1,176765;0,150611;0,292881;1;-2,8445;2,7152;-0,4316;-0,1363;-0,5927;-207,8177
34;2865;4;16;23;26;28;39;0;0;-0,354125;-0,3895;0;4;0;0,385344;0,909384;-0,575752;-1,427227;1;-6,8063;5,4472;0,8122;0,0091;-1,9214;-215,8019
35;4131;14;16;23;27;28;32;0;0;0,790826;0,7555;0;4;0;0,627704;-0,559786;1,182247;0,331487;1;-1,2490;1,4583;0,5494;-0,4075;-0,7855;-205,1437
36;1435;3;14;25;26;39;43;0;0;-0,012392;-0,0477;0;4;0;-0,703486;2,136909;-0,059577;-1,398630;1;-0,7696;0,6139;0,6857;1,4674;0,8861;-207,8677
37;4626;16;23;26;32;36;39;0;0;0,450521;0,4152;0;4;0;1,487758;0,526184;-0,472088;-0,640811;1;-2,9875;2,7160;-2,6223;-2,3810;-0,1613;-204,0996
38;3369;10;14;16;26;36;38;0;0;0,268216;0,2329;0;4;0;0,429670;0,729938;-1,362884;0,739708;1;5,4452;-4,4015;0,5094;0,7722;1,0605;-194,7411
39;2617;4;14;16;38;39;43;0;0;0,467322;0,4320;0;4;0;-1,136730;0,902949;0,887698;0,280727;1;-2,1282;2,0104;-1,9441;0,3570;1,6547;-207,6133
40;1503;3;14;26;36;38;43;0;0;-0,709801;-0,7451;0;4;0;-0,657730;0,208758;-1,599524;0,628895;1;0,5077;-0,8358;-1,2200;0,7431;2,4423;-204,2393
41;2040;4;10;14;16;32;39;0;0;0,262497;0,2272;0;4;0;-0,166577;0,711350;0,132023;-0,151802;1;-0,7736;0,7697;-0,9710;0,6239;0,7912;-205,2807
42;495;3;4;16;28;39;43;0;0;0,812273;0,7769;0;4;0;-0,860769;0,950849;0,176348;1,358118;1;-0,4558;0,8102;1,3719;0,6083;-0,4085;-205,7726
43;4604;16;23;26;27;28;43;0;0;0,740423;0,7051;0;4;0;0,001430;2,231279;0,346500;-1,098362;1;-6,0117;5,3931;1,3946;0,3194;-1,2880;-215,7387
44;2314;4;10;23;25;38;43;0;0;0,474471;0,4391;0;4;0;-0,092225;1,943164;-0,912482;0,010486;1;-1,6224;1,5935;-0,8821;-0,8420;-0,6598;-204,1501
45;3449;10;14;23;26;32;36;0;0;-1,071195;-1,1065;0;4;0;-1,023772;0,243074;0,550253;-1,911946;1;-10,8166;8,3862;-0,6601;0,3204;-0,9585;-223,6243
46;2814;4;14;28;32;36;39;0;0;-0,739113;-0,7745;0;4;0;-1,830206;0,508311;0,698243;-0,854573;1;-7,8235;6,0799;1,6940;-0,6721;-0,4408;-219,5172
47;3251;4;26;27;36;38;43;0;0;0,237474;0,2021;0;4;0;-0,388204;2,681681;-0,014537;-1,803992;1;-0,9288;0,8849;0,9494;0,2379;-1,6888;-204,6454
48;3583;10;14;26;36;39;43;0;0;1,476081;1,4407;0;4;0;0,470420;3,503129;-0,871016;-0,150372;1;12,3918;-9,1854;0,0994;0,3610;0,1813;-179,1473
49;4217;14;16;25;32;39;43;0;0;-1,193447;-1,2288;0;4;0;-0,742091;1,710814;-0,961097;-2,394520;1;-4,4450;3,0169;-2,2338;-0,4266;1,0701;-210,5891
50;17;3;4;10;14;23;38;0;0;-0,675484;-0,7108;0;4;0;-0,133691;0,248079;-0,153232;-1,312124;1;-7,1595;5,5628;-0,5831;-2,3103;-0,8984;-213,8166
51;2108;4;10;14;25;36;43;0;0;1,033900;0,9986;0;4;0;1,302592;0,816444;0,671791;-0,723027;1;-19,6466;10,5385;0,1955;-0,1624;-0,2964;-242,3193
52;3136;4;23;27;28;38;39;0;0;0,374025;0,3387;0;4;0;-1,163897;1,647186;0,091987;0,172773;1;-1,7444;1,6393;-0,2124;1,1382;-2,0718;-205,6320
53;3307;10;14;16;23;27;36;0;0;0,454096;0,4188;0;4;0;-0,083646;2,543701;-1,663867;0,112005;1;-0,0499;0,2738;-0,8293;-0,7389;-0,4175;-201,4034
54;1008;3;10;23;25;27;28;0;0;1,512542;1,4772;0;4;0;1,464165;1,613584;0,220673;-0,273339;1;-1,6252;2,1716;-0,4219;-0,2442;0,0322;-205,9058
55;2275;4;10;16;28;38;39;0;0;-2,307299;-2,3426;0;4;0;-1,892405;-0,687757;-1,055467;-0,978970;1;1,6964;-2,7109;-0,9865;1,8159;-0,4532;-200,2728
56;4430;14;25;26;27;38;39;0;0;-1,882634;-1,9180;0;4;0;-1,750850;-0,132261;-0,959667;-0,922491;1;-5,8693;3,8196;0,5516;0,8194;-2,0103;-214,3887
57;2316;4;10;23;26;27;28;0;0;-0,175752;-0,2111;0;4;0;1,362646;1,296873;-0,489247;-2,521776;1;-3,3756;2,6916;1,6430;-0,2537;-0,9700;-210,4597
58;4066;10;27;28;32;39;43;0;0;-1,742866;-1,7782;0;4;0;-1,007328;0,187310;-1,322848;-1,342866;1;5,7393;-5,7618;-0,4862;-1,3616;1,1180;-191,0809
59;3907;10;23;26;28;36;43;0;0;-0,020614;-0,0560;0;4;0;-0,322431;0,942270;-1,535181;0,874114;1;-4,2554;3,5096;-0,9152;0,6887;-1,1587;-210,4149
60;2209;4;10;16;25;26;39;0;0;0,232112;0,1968;0;4;0;0,585523;0,037891;1,645517;-1,804707;1;3,6743;-2,9481;1,8243;1,2275;-1,6661;-197,3263
61;4080;10;28;36;38;39;43;0;0;-0,654752;-0,6901;0;4;0;0,170152;0,062913;-1,028299;-0,514269;1;-3,9552;2,9081;1,0349;0,3410;1,3130;-213,8886
62;502;3;4;16;36;38;39;0;0;0,692523;0,6572;0;4;0;-1,313316;1,559250;0,192791;0,946321;1;-2,5060;2,4497;-1,0995;2,3492;-0,1228;-209,4282
63;4613;16;23;26;27;38;43;0;0;0,915938;0,8806;0;4;0;0,496872;1,562825;-0,927495;0,699673;1;1,8108;-1,0182;-2,1211;-0,5742;-0,8238;-196,1486
64;1427;3;14;25;26;32;38;0;0;-1,422581;-1,4579;0;4;0;-0,338874;0,974442;0,021924;-3,502653;1;-4,8590;3,2343;-0,8042;0,8091;-0,1789;-212,8334
65;2182;4;10;16;23;26;43;0;0;0,924874;0,8895;0;4;0;-0,523325;2,290618;-0,056002;0,138457;1;5,5905;-4,1581;-0,2304;0,1989;0,6774;-192,7542
66;2505;4;14;16;23;25;43;0;0;0,887697;0,8524;0;4;0;-0,866488;2,776766;-0,912482;0,777599;1;9,0145;-7,0277;0,0268;0,2289;1,3772;-186,8932
67;1413;3;14;23;36;39;43;0;0;-0,040632;-0,0760;0;4;0;-0,423235;1,283289;-0,437772;-0,503545;1;4,2156;-3,5497;1,4570;0,8728;-1,2184;-195,9694
68;310;3;4;14;25;27;32;0;0;0,439083;0,4037;0;4;0;-0,111528;1,368365;-1,654573;1,275902;1;1,2155;-0,7874;-0,2217;-0,7684;0,9281;-200,7962
69;428;3;4;16;25;26;43;0;0;-2,364493;-2,3998;0;4;0;-2,022521;0,021448;-1,820436;-0,907477;1;6,8355;-7,0187;0,6043;-0,5774;-1,3522;-188,2931
70;2714;4;14;25;26;32;38;0;0;-0,817397;-0,8527;0;4;0;-0,646292;0,169437;-0,762348;-0,395591;1;0,4504;-0,8478;2,2613;-0,0069;0,7461;-205,3891
71;2677;4;14;23;27;36;39;0;0;-1,248138;-1,2835;0;4;0;-0,465416;1,023057;-0,763777;-2,290141;1;-3,6208;2,3007;-0,4905;-0,6815;-1,6858;-207,6730
72;3052;4;23;25;26;32;43;0;0;0,467323;0,4320;0;4;0;-0,916533;2,609474;-0,472803;-0,285493;1;7,8277;-6,2734;-1,5347;0,3559;-1,1137;-185,3415
73;1771;3;23;25;26;39;43;0;0;1,131487;1,0961;0;4;0;1,376229;1,323325;-0,833125;0,396545;1;2,3273;-1,3284;0,7416;1,1890;-0,4845;-200,0807
74;1126;3;10;25;28;36;39;0;0;0,373667;0,3383;0;4;0;-0,694192;0,681323;0,896277;-0,136074;1;3,7196;-2,9072;-0,2356;0,1275;0,4922;-196,2342
75;3132;4;23;27;28;32;43;0;0;1,372417;2,1840;1;4;0;1,385523;1,370987;-0,198511;0,186834;1;4,8930;-2,8598;-0,1095;-0,5064;-0,9953;-189,9306
76;1094;3;10;25;26;28;39;0;0;-1,082991;-0,2714;1;4;0;0,868633;-0,356986;-0,786893;-1,890737;1;0,6235;-0,6694;-0,8361;-0,7154;-0,1240;-198,4054
77;4647;16;23;27;32;36;43;0;0;-1,864404;-1,0529;1;4;0;0,227346;0,053381;-2,313257;-1,696277;1;-1,2950;0,4935;0,0352;1,2880;0,2806;-205,5218
78;235;3;4;14;16;25;38;0;0;-0,787370;0,0242;1;4;0;1,458446;-0,516414;-0,091987;-2,424785;1;-5,7585;4,8047;-1,0336;0,8193;-1,0172;-211,6133
79;3825;10;16;32;36;38;39;0;0;0,277153;1,0887;1;4;0;0,069348;-0,340542;1,206316;-0,380816;1;-4,5942;4,4265;-1,7648;-0,8521;0,2595;-208,1589
80;3940;10;23;27;38;39;43;0;0;-1,586655;-0,7751;1;4;0;-0,275246;0,641764;-1,725589;-1,814240;1;7,4851;-6,6579;-0,4657;-0,6718;0,1045;-185,3247
81;114;3;4;10;23;26;39;0;0;-1,201669;-0,3901;1;4;0;1,344058;-1,789694;0,878880;-2,836581;1;5,7522;-5,0025;0,2913;-0,3215;0,6087;-190,4020
82;1872;3;23;32;36;38;39;0;0;0,213882;1,0254;1;4;0;-0,616980;0,560977;1,064046;-0,580280;1;3,6050;-2,4307;0,3124;-1,1329;0,3441;-193,6416
83;2504;4;14;16;23;25;39;0;0;-0,755198;0,0563;1;4;0;2,159071;-1,491570;0,548585;-2,726483;1;1,0208;-0,8181;1,4580;0,2812;-1,2255;-199,7999
84;3002;4;16;26;38;39;43;0;0;-0,889962;-0,0784;1;4;0;-0,641287;-0,010247;-1,314508;0,186119;1;0,7652;-0,6801;-0,9768;3,0060;2,2573;-204,0841
85;2583;4;14;16;27;28;32;0;0;-0,830265;-0,0187;1;4;0;-0,019303;-0,058862;-0,029789;-1,552577;1;3,6210;-3,0233;2,0817;-0,1752;-1,3778;-194,6146
86;1276;3;14;16;26;27;32;0;0;-1,044385;-0,2328;1;4;0;0,249509;1,538994;-1,145070;-2,732202;1;-4,8543;3,9099;-1,4438;0,0036;0,5122;-210,1086
87;2013;4;10;14;16;25;27;0;0;-2,289069;-1,4775;1;4;0;-2,368544;-0,785225;-0,300030;-1,124338;1;5,1054;-5,0675;-0,1085;-1,4617;-0,9188;-188,6281
88;1993;3;27;32;36;38;43;0;0;0,660352;1,4719;1;4;0;0,351028;-0,164671;-0,070539;1,204886;1;4,2229;-2,6972;1,6573;-0,4192;-0,5130;-193,6072
89;3915;10;23;26;32;38;43;0;0;-2,511410;-1,6999;1;4;0;-0,817159;-1,415788;-0,814775;-1,975098;1;-5,4951;3,6293;0,1412;0,3070;-1,3169;-211,4495
90;527;3;4;23;25;32;43;0;0;0,537385;1,3489;1;4;0;1,013763;1,129342;1,118380;-2,186715;1;2,3299;-1,1904;-0,8058;0,8622;0,0525;-196,7769
91;3778;10;16;26;28;32;43;0;0;-0,004528;0,8070;1;4;0;1,461305;-0,429193;-0,698958;-0,342210;1;2,7067;-1,8045;-0,2979;0,0589;-0,6659;-195,0096
92;3768;10;16;26;27;32;43;0;0;-1,563778;-0,7522;1;4;0;-0,358177;-1,231338;-0,471612;-1,066429;1;-2,7314;1,8554;-0,0738;-0,8233;-0,0900;-205,8037
93;3381;10;14;16;27;32;38;0;0;-1,071910;-0,2604;1;4;0;-0,821448;0,376527;0,827406;-2,526304;1;1,0799;-1,0430;0,8572;0,2540;1,0230;-201,3022
94;3105;4;23;26;27;36;43;0;0;-1,119810;-0,3083;1;4;0;-0,402502;0,808341;-0,009771;-2,635688;1;-4,7019;3,7412;0,4153;-0,8650;-1,0161;-209,2658
95;2768;4;14;26;27;36;39;0;0;-3,204886;-2,3933;1;4;0;-1,143879;-0,890319;-2,989575;-1,386000;1;5,2487;-5,6947;1,2308;0,5932;-2,3498;-190,3047
96;3961;10;25;26;27;32;36;0;0;-2,198631;-1,3871;1;4;0;-1,334764;0,496634;-1,611916;-1,947216;1;-1,5632;0,5313;-0,9289;2,1392;-0,9888;-204,6758
97;168;3;4;10;26;27;38;0;0;0,701817;1,5134;1;4;0;1,804469;-0,758773;0,828121;-0,470182;1;8,0272;-5,8396;-0,2879;0,6529;-0,3629;-185,2755
98;2266;4;10;16;27;38;43;0;0;-0,867441;-0,0559;1;4;0;0,657730;-1,283527;-1,200835;0,091749;1;1,0855;-0,9342;-0,5464;-0,0630;-0,7346;-197,8129
99;1990;3;27;28;36;39;43;0;0;-2,714091;-1,9025;1;4;0;-1,620018;-0,840989;-1,219423;-1,747752;1;5,6004;-5,7151;-0,2430;0,2810;0,7994;-190,9647
100;2247;4;10;16;26;36;38;0;0;-1,092643;-0,2811;1;4;0;0,134406;-0,461364;-1,483230;-0,375097;1;-9,5022;7,7504;1,7858;-0,0567;-0,7617;-221,2997
101;1867;3;23;28;32;39;43;0;0;-2,404886;-1,5933;1;4;0;-1,087400;-1,077629;-0,753292;-1,891451;1;-7,8941;5,6844;0,6159;-0,3607;-1,7827;-215,5885
102;161;3;4;10;25;36;43;0;0;0,058743;0,8703;1;4;0;-1,365505;1,538279;0,259756;-0,315043;1;-8,0287;7,1630;-0,3380;-0,3906;0,7512;-217,4079
103;1643;3;16;25;26;38;39;0;0;-1,012213;-0,2007;1;4;0;-0,204468;-0,225439;-0,090557;-1,503962;1;1,0175;-0,9579;-1,2233;0,2635;0,2000;-198,5332
104;1896;3;25;26;28;36;38;0;0;-0,265833;0,5457;1;4;0;0,702771;0,703962;-1,236581;-0,701817;1;-2,9220;2,7340;-1,1104;1,2184;-1,7042;-205,5759
105;4476;14;25;28;32;38;39;0;0;-1,781472;-0,9699;1;4;0;-0,851475;-1,605243;0,591481;-1,697707;1;-5,5205;4,0553;-1,6690;0,5115;-0,8932;-210,3183
106;3137;4;23;27;28;38;43;0;0;-0,745547;0,0660;1;4;0;-0,827882;0,829074;0,279774;-1,772059;1;-0,2844;0,2732;0,8384;-1,0980;1,4756;-203,1127
107;2019;4;10;14;16;25;43;0;0;0,641049;1,4526;1;4;0;1,627168;0,358654;-1,534704;0,830980;1;-2,9748;3,2809;-0,4240;0,1254;0,6018;-207,5807
108;4893;23;26;28;36;38;43;0;0;-2,677630;-1,8661;1;4;0;0,173012;-1,062616;-2,507001;-1,958654;1;-7,0705;4,8479;-1,1762;-1,1149;0,9881;-214,1658
109;1721;3;16;27;28;36;39;0;0;-2,432411;-1,6209;1;4;0;0,115103;-1,694609;-0,276437;-3,008878;1;-9,2999;6,8389;-2,0504;1,1398;-0,8679;-218,1492
110;988;3;10;16;28;38;39;0;0;-0,098898;0,7126;1;4;0;0,435389;0,775455;-0,712541;-0,696098;1;4,0914;-3,0089;-0,2563;-0,3363;-0,1576;-192,3950
111;4157;14;16;23;32;36;39;0;0;-2,637594;-1,8260;1;4;0;-1,320465;-2,249390;-0,550253;-1,155079;1;-3,5044;1,9029;0,7892;-0,4147;-0,2048;-208,5064
112;2690;4;14;23;28;38;43;0;0;-0,665833;0,1457;1;4;0;0,453977;0,064105;-0,462318;-1,387430;1;-7,7842;6,5576;-0,5417;0,5699;-0,1321;-216,7924
113;321;3;4;14;25;32;38;0;0;-0,148943;0,6626;1;4;0;0,165862;1,237296;-0,303605;-1,397439;1;1,4894;-0,8717;1,3508;-1,0117;0,0794;-198,7677
114;4015;10;25;28;32;38;43;0;0;-0,773786;0,0378;1;4;0;0,270956;-0,471373;0,506405;-1,853560;1;-0,8527;0,7305;0,1276;1,0290;-0,3547;-203,8353
115;3883;10;23;25;36;38;43;0;0;0,495562;1,3071;1;4;0;2,093298;1,592613;-2,467680;-0,227108;1;4,1668;-2,7419;0,1671;0,1415;0,6482;-193,9511
116;1954;3;26;27;28;38;39;0;0;-0,968604;-0,1571;1;4;0;0,203039;-0,704439;-1,235866;-0,199941;1;6,7729;-5,7225;-1,0653;0,0929;-0,4719;-186,3378
117;4906;23;27;28;32;39;43;0;0;-0,069229;0,7423;1;4;0;0,086506;-0,642240;0,576467;-0,159190;1;-8,1803;7,2182;0,2230;0,0635;1,6680;-219,6430
118;719;3;10;14;16;23;28;0;0;-0,521775;0,2898;1;4;0;1,269706;-0,794519;-1,409592;-0,109145;1;0,0645;0,1070;1,2292;0,5471;1,1557;-204,1308
119;2588;4;14;16;27;32;36;0;0;-1,451177;-0,6396;1;4;0;-0,331725;-1,406494;-2,423355;1,259220;1;-2,0530;1,3534;0,0207;-1,3260;-2,6619;-201,4666
120;4299;14;23;25;26;28;36;0;0;-1,942330;-1,1308;1;4;0;-2,292762;-0,752339;0,221150;-1,060709;1;-2,7526;1,6631;1,2975;1,2479;0,5830;-209,9615
121;1446;3;14;25;27;36;39;0;0;-1,125172;-0,3136;1;4;0;-0,777838;0,703962;-0,603158;-1,573310;1;2,5970;-2,3348;-0,2655;-0,7149;1,7172;-196,8708
122;4900;23;26;36;38;39;43;0;0;0,876974;1,6885;1;4;0;3,011976;0,839798;-0,370092;-1,727734;1;-5,7169;5,6934;0,3878;0,4843;0,3007;-213,9345
123;4127;14;16;23;26;36;43;0;0;-0,207566;0,6040;1;4;0;1,119571;-0,619363;-0,365803;-0,549538;1;4,5599;-3,4590;-0,3588;-0,7759;0,3143;-191,3878
124;2096;4;10;14;25;27;43;0;0;-0,024546;0,7870;1;4;0;1,312601;-1,358595;0,371999;-0,375097;1;-3,7418;3,5499;-0,3318;0,3346;-1,7645;-207,0498
125;916;3;10;16;23;39;43;0;0;-1,089068;-0,2775;1;4;0;0,272386;-0,427048;-0,231397;-1,792077;1;5,4154;-4,6598;-0,9287;1,8296;0,3351;-191,7331
126;4984;26;27;28;36;38;39;0;0;-1,269229;-0,4577;1;4;0;-0,945130;-0,736610;-1,252309;0,395591;1;10,1289;-8,6817;0,4650;0,8113;-1,4316;-180,9148
127;2451;4;10;26;28;38;43;0;0;-0,856360;-0,0448;1;4;0;-0,182306;-0,467799;-0,691094;-0,371522;1;3,4090;-2,8613;1,2957;0,9533;1,3195;-198,0784
128;2449;4;10;26;28;36;43;0;0;-1,458684;-0,6471;1;4;0;0,156568;0,863390;-1,777778;-2,159548;1;6,4609;-5,7348;-0,7728;-0,4655;0,8650;-188,0327
129;3565;10;14;26;28;32;36;0;0;-2,278344;-1,4668;1;4;0;0,177301;-0,017396;-3,176170;-1,540424;1;2,3510;-2,7698;1,0514;1,2487;-0,4355;-198,4905
130;3044;4;23;25;26;28;32;0;0;-1,657790;-0,8462;1;4;0;0,150849;-0,118201;-1,152220;-2,196009;1;-4,7891;3,5154;0,0740;0,1007;0,5684;-211,6492
131;999;3;10;16;36;39;43;0;0;-1,205243;-0,3937;1;4;0;0,337444;-1,993447;-0,176348;-0,578135;1;-7,1976;5,7703;-1,1916;-1,5597;-1,6213;-211,3503
132;4570;16;23;25;27;32;36;0;0;1,022461;1,8340;1;4;0;0,167292;1,133632;0,983974;-0,239976;1;-7,0677;6,8980;1,6360;0,6773;1,7943;-219,5709
133;2540;4;14;16;25;26;43;0;0;0,406911;1,2185;1;4;0;0,010724;0,390110;-0,639619;1,052607;1;0,7082;0,0866;0,3122;-2,0755;0,4479;-198,5960
134;3234;4;26;27;28;32;36;0;0;-2,134287;-1,3227;1;4;0;-0,645577;-1,420793;-0,852666;-1,349539;1;5,2972;-5,1413;0,7105;-1,2843;0,0131;-190,1727
135;12;3;4;10;14;23;26;0;0;0,017992;0,8295;1;4;0;0,053619;-0,252607;1,038308;-0,803337;1;-4,7359;4,4006;1,2888;0,7785;0,8273;-213,6942
136;4346;14;23;25;36;39;43;0;0;-0,939292;-0,1277;1;4;0;-0,282395;-1,110516;0,771642;-1,257314;1;2,7881;-2,3907;0,8978;-0,6592;1,0268;-197,0171
137;992;3;10;16;32;36;39;0;0;-1,187728;-0,3762;1;4;0;-0,911529;-0,147513;-1,001371;-0,315043;1;7,5487;-6,4896;-1,3428;1,1946;-1,1902;-184,8922
138;1451;3;14;25;28;32;36;0;0;-0,364492;0,4471;1;4;0;-0,235210;-0,566458;0,289068;-0,216384;1;4,4137;-3,4244;-0,5455;1,2113;-2,0034;-191,1630
139;4964;25;27;28;36;38;43;0;0;0,226393;1,0379;1;4;0;1,204648;-0,081025;-1,867144;1,196307;1;-3,3977;3,4028;-0,5088;-0,6167;-1,1059;-205,8921
140;4837;23;25;27;28;36;43;0;0;-0,577182;0,2344;1;4;0;-0,502592;-0,242598;1,002562;-1,411737;1;5,7357;-4,6424;-0,1057;-0,2362;-0,5154;-188,9993
141;2559;4;14;16;25;38;39;0;0;-0,141078;0,6705;1;4;0;1,457731;-0,976110;-0,184927;-0,578850;1;5,6068;-4,2932;-0,8484;-0,0692;-0,0837;-189,1131
142;2068;4;10;14;23;27;43;0;0;-0,524635;0,2869;1;4;0;1,770868;0,509503;-1,335955;-1,993686;1;-11,3443;9,5981;0,7492;2,6035;0,4299;-227,7991
143;169;3;4;10;26;27;39;0;0;-1,078701;-0,2672;1;4;0;0,386774;0,593149;-1,312363;-1,824963;1;4,9175;-4,2398;-0,3292;0,9672;1,2606;-193,3916
144;902;3;10;16;23;28;32;0;0;0,324337;1,1359;1;4;0;-0,045755;1,787787;0,605064;-1,698422;1;-7,6784;7,0189;-0,6961;-0,6853;-0,4530;-214,8504
145;4256;14;16;26;38;39;43;0;0;0,797975;1,6095;1;4;0;1,096694;0,307179;-0,333631;0,525708;1;4,0517;-2,4784;-0,8464;-0,1675;0,0342;-192,2449
146;1832;3;23;26;32;36;38;0;0;-0,577897;0,2336;1;4;0;1,218946;0,205660;-0,866250;-1,714150;1;1,0345;-0,7311;1,0709;0,8693;0,3075;-201,5066
147;578;3;4;23;28;38;43;0;0;0,102353;0,9139;1;4;0;-0,524754;0,573131;1,352160;-1,195830;1;7,4879;-5,7234;-0,3135;0,0198;1,5900;-187,6485
148;3553;10;14;26;27;28;39;0;0;0,878403;0,8364;2;4;1;-0,270241;-0,441585;-0,076974;2,545607;1;1,1383;-0,4832;0,7279;-2,1045;-0,1612;-197,6573
149;4164;14;16;23;36;39;43;0;0;1,726661;1,6846;2;4;1;0,086506;0,160381;2,228657;0,977778;1;4,4681;-2,7833;-0,9209;-0,0537;0,1918;-191,7525
150;2997;4;16;26;32;38;43;0;0;0,853739;0,8117;2;4;1;0,799285;-0,152755;0,443491;0,617456;1;-2,3540;2,4089;-0,5853;-0,2197;-1,0302;-204,3445
151;1619;3;16;23;32;38;43;0;0;-1,327853;-1,3699;2;4;1;-2,022521;0,208281;0,344117;-1,185583;1;-5,0556;3,4466;0,3030;-0,8809;-0,8951;-210,1098
152;3855;10;23;25;27;28;43;0;0;0,869109;0,8271;2;4;1;1,372655;-1,132917;1,437236;0,061245;1;0,9543;-0,3352;1,3522;0,2559;0,1840;-201,3552
153;383;3;4;14;36;38;43;0;0;-1,289605;-1,3317;2;4;1;-2,093298;-0,311469;0,678701;-0,853143;1;7,4436;-6,9322;0,5912;0,5455;0,5931;-188,3141
154;4254;14;16;26;36;38;43;0;0;0,026571;-0,0155;2;4;1;-1,075246;0,188263;-0,290736;1,230861;1;-3,0731;2,5484;0,0809;-0,7246;-0,1256;-206,8484
155;1866;3;23;28;32;38;43;0;0;1,056420;1,0144;2;4;1;-0,961573;2,334466;-0,400834;1,140781;1;-4,9610;4,6905;0,8653;-0,4272;1,7530;-213,5848
156;75;3;4;10;16;26;32;0;0;0,977778;0,9357;2;4;1;0,363182;1,096932;0,195413;0,300030;1;-7,3552;6,6389;0,0010;-2,4159;-0,0393;-213,7278
157;2038;4;10;14;16;32;36;0;0;-0,840274;-0,8823;2;4;1;-2,590171;0,293357;0,277629;0,338636;1;-5,3321;3,9472;0,8400;0,1946;1,2291;-214,3995
158;1549;3;16;23;25;27;32;0;0;0,441585;0,3995;2;4;1;-0,050045;-0,627465;0,887459;0,673220;1;-4,4125;3,8930;-2,3392;0,2896;-1,4229;-206,8239
159;2765;4;14;26;27;32;39;0;0;0,690736;0,6487;2;4;1;0,053619;0,143223;2,568961;-1,384332;1;13,9014;-9,6248;0,9948;-0,9766;1,6560;-175,3429
160;4318;14;23;25;27;32;36;0;0;0,110218;0,0682;2;4;1;0,347453;-1,330951;1,337862;-0,133929;1;-3,5842;3,0200;-0,4698;-0,7812;-0,0678;-207,3212
161;2428;4;10;26;27;28;32;0;0;-1,898362;-1,9404;2;4;1;-1,450581;-1,235151;-0,237831;-0,873161;1;-7,5275;5,1869;1,5082;0,1810;-0,4857;-217,7301
162;3829;10;16;36;38;39;43;0;0;0,745071;0,7030;2;4;1;-0,823593;0,231874;1,375038;0,706822;1;7,3370;-5,7148;-1,4008;-0,1907;-0,3235;-184,8826
163;4179;14;16;25;26;32;39;0;0;-1,455109;-1,4972;2;4;1;-2,323504;-1,574025;0,022401;0,964910;1;5,2668;-5,2127;-0,5037;0,3422;0,1617;-190,9382
164;3569;10;14;26;28;36;38;0;0;0,140959;0,0989;2;4;1;-1,052369;-0,643909;1,856182;0,122014;1;2,8182;-2,2900;0,4276;-0,4310;0,5430;-196,3748
165;3888;10;23;26;27;28;38;0;0;-0,275841;-0,3179;2;4;1;0,743521;-0,209949;0,843134;-1,928389;1;5,9712;-5,1446;-0,3354;0,0641;-1,0038;-188,2543
166;4417;14;23;36;38;39;43;0;0;-2,035986;-2,0780;2;4;1;-1,490617;-1,556867;-0,272863;-0,751624;1;7,7811;-7,6270;0,4601;0,4679;-1,0203;-185,8171
167;1485;3;14;26;27;39;43;0;0;1,597975;1,5559;2;4;1;0,019303;1,480847;2,608282;-0,912482;1;-5,7256;5,6271;-0,6404;-0,0641;-0,6675;-211,5509
168;1774;3;23;25;27;28;38;0;0;1,798154;1,7561;2;4;1;-0,501162;0,249032;2,813466;1,034972;1;4,0548;-2,3997;1,2733;-0,1690;-0,0245;-194,4416
169;1086;3;10;25;26;27;32;0;0;-1,324635;-1,3667;2;4;1;-1,361931;-0,079833;0,667263;-1,874770;1;-19,5922;9,2265;-1,3574;-0,0124;0,5051;-239,7912
170;4732;16;25;28;36;38;43;0;0;-1,219899;-1,2619;2;4;1;0,036461;-1,383855;-0,513792;-0,578612;1;2,9783;-3,1781;-0,5137;-1,1114;0,2725;-194,1624
171;892;3;10;16;23;26;36;0;0;0,972059;0,9300;2;4;1;-0,030027;-0,164909;0,690140;1,448913;1;0,0889;0,4419;0,3745;-0,0698;0,4237;-202,0222
172;3705;10;16;25;26;27;32;0;0;-0,704796;-0,7468;2;4;1;0,253798;-1,151505;-0,447304;-0,064581;1;-1,1825;0,5696;1,7733;-1,7499;-1,5475;-202,3125
173;4763;16;26;28;32;38;39;0;0;0,948467;0,9064;2;4;1;-0,872208;-0,233542;1,829730;1,172953;1;-1,4133;1,6787;0,7135;-0,1896;-0,1982;-204,6238
174;2726;4;14;25;27;28;39;0;0;-0,834555;-0,8766;2;4;1;-0,060054;-0,518082;0,575752;-1,666727;1;-4,2206;3,0255;-0,6757;1,1425;0,3526;-210,7321
175;2055;4;10;14;23;25;43;0;0;-0,269050;-0,3111;2;4;1;-1,080966;-0,508788;1,472267;-0,420614;1;-1,0406;0,6933;-0,0040;-0,1558;0,8319;-204,2250
176;4656;16;23;28;32;36;39;0;0;-0,296574;-0,3386;2;4;1;-2,580877;-0,389395;0,946798;1,430325;1;-0,7717;0,4543;0,3537;0,4461;0,3095;-204,1242
177;1042;3;10;23;26;32;39;0;0;1,272685;1,2306;2;4;1;-0,127971;0,110337;1,751803;0,811201;1;-3,6459;3,7162;0,7187;-0,1507;0,5875;-209,9189
178;3832;10;23;25;26;27;36;0;0;0,168841;0,1268;2;4;1;-0,317426;-0,572416;1,823295;-0,595770;1;13,0697;-9,9143;0,7694;0,5782;1,6765;-178,3561
179;1452;3;14;25;28;32;38;0;0;0,636759;0,5947;2;4;1;-1,266846;1,024010;0,918916;0,597438;1;-2,1546;2,1226;1,2361;0,4897;-0,7963;-206,7104
180;4118;14;16;23;26;28;38;0;0;-0,507835;-0,5499;2;4;1;-0,805005;-0,895562;2,162169;-1,477272;1;4,2876;-3,8725;0,1439;1,2245;-1,0202;-193,2446
181;2269;4;10;16;28;32;38;0;0;2,391541;2,3495;2;4;1;1,872387;-0,420137;2,305869;1,024963;1;-2,2079;3,1403;0,1784;0,4599;-0,2607;-206,2650
182;1572;3;16;23;26;27;38;0;0;0,064820;0,0228;2;4;1;0,680608;-1,104320;1,035449;-0,482097;1;-0,7306;0,6205;0,2561;-1,0841;-1,7035;-200,4012
183;3228;4;25;28;38;39;43;0;0;-0,914269;-0,9563;2;4;1;-0,845755;-0,588859;0,828121;-1,222044;1;3,1230;-3,1290;1,0525;-1,1915;1,7766;-196,8631
184;646;3;4;26;27;28;32;0;0;-0,479237;-0,5213;2;4;1;0,045755;-0,926304;-1,175097;1,097171;1;2,5577;-2,4173;-0,2868;1,8840;-0,8692;-197,0841
185;433;3;4;16;25;27;39;0;0;1,322371;1,2803;2;4;1;0,523325;1,796128;1,350730;-1,025440;1;-6,3609;6,0028;0,3463;0,1833;-1,7013;-213,0217
186;1468;3;14;25;36;38;43;0;0;0,142747;0,1007;2;4;1;1,978911;-1,827823;1,031159;-0,896753;1;1,1735;-0,9205;1,1371;1,5385;-0,4330;-201,3673
187;4912;23;27;32;36;38;43;0;0;0,041228;-0,0008;2;4;1;-0,822163;-0,381531;1,302116;-0,015967;1;2,5738;-2,1419;0,6734;-1,9137;0,6545;-195,7382
188;1875;3;23;32;38;39;43;0;0;-0,696932;-0,7390;2;4;1;-1,653620;-1,025678;1,528032;-0,242598;1;3,0118;-2,9158;-0,0627;1,5928;-1,1757;-195,8024
189;2351;4;10;23;27;39;43;0;0;-0,289425;-0,3315;2;4;1;0,446113;-1,877153;0,276914;0,575276;1;1,4580;-1,3970;0,8031;0,4678;-0,7457;-199,0807
190;2752;4;14;25;32;38;43;0;0;0,036581;-0,0055;2;4;1;-1,485613;-0,949896;1,789694;0,718976;1;-4,3047;3,5787;-0,2504;0,2514;-0,9221;-209,1599
191;3436;10;14;23;25;38;43;0;0;-0,299791;-0,3418;2;4;1;-1,663629;0,288353;1,249211;-0,473518;1;-4,5098;3,5627;0,8200;-1,1174;-1,8568;-208,3369
192;2492;4;10;28;38;39;43;0;0;-1,771106;-1,8132;2;4;1;-2,351386;-0,765446;0,369854;-0,795234;1;3,9698;-4,3088;-0,4187;-1,1221;1,6185;-193,6097
193;427;3;4;16;25;26;39;0;0;-2,031696;-2,0737;2;4;1;-0,902234;-3,146144;0,822401;-0,837415;1;-0,8660;-0,4298;1,3800;0,0945;0,2776;-204,9556
194;3149;4;23;28;32;36;38;0;0;-2,088175;-2,1302;2;4;1;-1,302592;-0,464463;-0,671791;-1,737504;1;-1,7930;0,3103;0,6965;1,4582;-0,3129;-206,8994
195;3625;10;16;23;25;26;39;0;0;0,687876;0,6458;2;4;1;0,984451;-0,016205;0,587191;-0,179684;1;11,8930;-9,5373;0,3907;2,3268;0,2631;-180,6662
196;1514;3;14;27;28;38;43;0;0;-0,805958;-0,8480;2;4;1;-0,492583;-1,380281;2,614002;-2,353054;1;-2,9383;1,9744;-0,3565;-0,2855;-2,6865;-204,0196
197;1119;3;10;25;27;38;43;0;0;0,214953;0,1729;2;4;1;1,115282;-1,056420;1,804707;-1,433662;1;1,1547;-0,8649;-0,4504;0,5746;-0,2154;-199,0709
198;544;3;4;23;26;28;43;0;0;-0,835270;-0,8773;2;4;1;-1,215371;1,019720;0,901043;-2,375932;1;-7,6605;5,8873;1,5186;-0,4222;-0,4102;-217,4787
199;1185;3;10;27;28;39;43;0;0;1,162229;1,1202;2;4;1;-1,299018;0,474233;2,969319;0,179923;1;3,6066;-2,3795;0,8333;0,6203;-1,2333;-194,4786
200;2122;4;10;14;26;28;43;0;0;0,220673;0,1786;2;4;1;0,633423;-1,543283;0,881025;0,470182;1;13,7540;-9,8855;1,0198;0,8823;0,5074;-176,3731
201;201;3;4;10;28;32;36;0;0;0,666786;0,6247;2;4;1;-0,438249;-0,046232;3,167353;-1,349301;1;-10,7664;9,3047;-0,3861;-0,6059;-0,9735;-221,0389
202;298;3;4;14;23;36;43;0;0;0,651057;0,6090;2;4;1;-0,915818;0,901043;-0,227823;1,544713;1;11,9192;-9,5796;-0,4652;-2,0390;2,7261;-177,8550
203;4083;14;16;23;25;26;28;0;0;0,821210;0,7792;2;4;1;-0,229491;0,398451;2,147871;-0,674412;1;-3,6372;3,4585;0,7807;1,6266;0,4057;-211,5590
204;1759;3;23;25;26;28;38;0;0;0,923444;0,8814;2;4;1;-1,481323;0,729461;1,290677;1,308073;1;0,7015;-0,0948;-0,0517;-0,5380;-0,7631;-198,7157
205;4519;14;26;32;36;38;43;0;0;1,576169;1,5341;2;4;1;0,540483;-1,113614;1,114805;2,610665;1;-1,1271;1,7887;0,4123;-0,9032;-0,7093;-202,5255
206;273;3;4;14;23;25;43;0;0;0,301817;0,2598;2;4;1;-0,175156;-0,528091;2,983618;-1,676736;1;-2,1793;1,9573;-1,6412;-0,4352;-0,1198;-203,6339
207;3249;4;26;27;32;39;43;0;0;1,013882;0,9718;2;4;1;-0,435389;1,194162;1,001132;0,267858;1;2,6074;-1,6305;0,5245;0,1238;1,8120;-198,7170
208;92;3;4;10;16;32;38;0;0;0,076616;0,0346;2;4;1;-0,822163;-0,293596;1,209175;0,059815;1;-5,5440;4,6320;-0,1922;0,1854;0,3375;-212,8902
209;3343;10;14;16;25;28;43;0;0;1,236938;1,1949;2;4;1;0,321716;-0,210664;1,187728;1,175097;1;0,2110;0,4872;-0,1061;0,8129;0,6573;-202,4136
210;1917;3;25;27;28;36;39;0;0;1,088949;1,0469;2;4;1;0,507596;-0,377242;0,455645;1,591898;1;-3,4518;3,4528;-1,4102;-2,1098;-0,8913;-203,9639
211;1096;3;10;25;26;32;36;0;0;-0,830981;-0,8730;2;4;1;-0,849330;-0,816920;1,916950;-1,912661;1;2,9356;-2,9269;0,2761;-1,2521;0,2261;-194,8505
212;2313;4;10;23;25;38;39;0;0;-0,125350;-0,1674;2;4;1;-0,908669;0,558594;-1,267323;1,366697;1;3,9638;-3,3910;0,2368;-0,6855;-0,8234;-192,2719
213;1334;3;14;23;25;26;36;0;0;-0,222580;-0,2646;2;4;1;-0,915818;0,183259;0,655109;-0,367709;1;-9,5783;7,8228;-0,7106;1,5067;-0,0377;-221,3865
214;3505;10;14;25;26;32;36;0;0;0,119868;0,0778;2;4;1;-1,395532;-0,529521;1,539470;0,625320;1;5,0527;-4,1609;0,8339;1,0329;-0,1448;-193,0882
215;2401;4;10;25;27;32;43;0;0;0,540244;0,4982;2;4;1;-2,198392;-0,633185;1,257790;2,654276;1;-3,2789;3,0046;-0,8775;-1,3744;-0,6686;-205,1090
216;1292;3;14;16;26;36;43;0;0;0,519154;0,4771;2;4;1;-1,457731;-0,168484;2,998631;-0,334108;1;-4,8332;4,2861;0,9450;-1,5534;-2,2855;-208,2442
217;3616;10;14;32;36;38;43;0;0;-0,637951;-0,6800;2;4;1;-0,695621;-1,376706;1,078344;-0,281918;1;16,5799;-10,3618;0,0052;0,1236;0,6998;-169,1404
218;1284;3;14;16;26;28;39;0;0;-1,438309;-1,4804;2;4;1;0,308132;-1,699852;1,436521;-2,921419;1;3,9998;-4,1492;-0,5880;-1,5754;0,8492;-192,1580
219;4418;14;25;26;27;28;32;0;0;-0,875305;-0,9174;2;4;1;-0,362467;0,645815;0,695145;-2,729104;1;-9,1264;7,0847;-1,2562;0,1686;-0,5859;-218,0508
220;1719;3;16;27;28;32;43;0;0;-0,040989;-0,0830;2;4;1;0,407507;1,009711;0,569318;-2,068514;1;-9,5101;7,8668;-0,2261;1,8657;-0,5852;-221,5462
221;2958;4;16;25;32;36;38;0;0;1,116796;1,0253;3;3;0;-0,909384;1,836879;1,006852;0,892464;1;-1,4113;1,7431;-0,8533;-0,4720;-0,9123;-192,5745
222;3337;10;14;16;25;27;39;0;0;1,381789;1,2903;3;3;0;2,205542;1,446530;-1,258743;1,085493;1;0,7021;0,1315;0,2599;0,5772;0,5858;-212,4202
223;3197;4;25;26;36;39;43;0;0;-1,143487;-1,2350;3;3;0;-1,093834;-0,352219;-0,534525;0,163956;1;0,3117;-0,9444;0,8947;0,4565;-0,6044;-200,1090
224;2175;4;10;16;23;25;43;0;0;1,185314;1,0938;3;3;0;2,203397;-0,080548;-0,069824;1,139828;1;-0,2039;0,7764;-2,4740;1,8882;0,4394;-207,1742
225;956;3;10;16;26;32;36;0;0;-0,791402;-0,8829;3;3;0;-0,109383;-0,186357;-1,075008;1,538041;1;1,4149;-1,6670;0,2342;0,8559;1,5674;-199,4431
226;2146;4;10;14;27;38;43;0;0;1,153944;1,0625;3;3;0;-0,145130;1,216325;0,927495;1,255645;1;-1,3497;1,7123;1,1272;-1,8031;-1,4550;-196,7848
227;4082;14;16;23;25;26;27;0;0;-0,563970;-0,6554;3;3;0;0,376050;0,063152;-1,416027;0,965386;1;-0,0748;-0,3014;-0,0045;0,1308;-0,0491;-199,3371
228;3210;4;25;27;32;36;39;0;0;-1,866646;-1,9581;3;3;0;-0,056479;-1,980817;-1,195830;2,267978;1;-0,3216;-0,8186;0,3257;0,4115;-1,0874;-215,9336
229;1409;3;14;23;32;38;43;0;0;-0,493801;-0,5853;3;3;0;-0,823593;-0,164194;0,132499;-0,016920;1;0,4449;-0,6948;-0,6365;0,3827;1,2311;-201,4171
230;3838;10;23;25;26;28;38;0;0;0,678856;0,5874;3;3;0;-0,748526;1,144832;0,779506;1,372178;1;1,1082;-0,5963;-0,0650;2,7774;-0,5861;-198,5433
231;3804;10;16;27;28;39;43;0;0;-1,109229;-1,2007;3;3;0;-0,988025;-0,723980;-0,209235;0,530712;1;-0,4221;-0,3148;-0,9128;-0,9671;1,3557;-193,7377
232;4659;16;23;28;32;38;43;0;0;0,019675;-0,0718;3;3;0;-0,131546;1,131964;-0,966339;0,780221;1;0,1327;-0,1502;-0,6380;1,9296;-0,8549;-222,4797
233;155;3;4;10;25;32;36;0;0;-1,975615;-2,0671;3;3;0;-1,556390;0,078880;-1,944356;0,606494;1;1,7009;-2,5618;2,4137;0,5901;0,1490;-204,2983
234;3797;10;16;27;28;32;39;0;0;0,552137;0,4607;3;3;0;-0,823593;1,142687;0,637236;1,374323;1;0,7827;-0,3957;0,3308;1,7511;-0,5194;-184,2483
235;2950;4;16;25;28;32;39;0;0;-0,508660;-0,6001;3;3;0;-1,336194;-0,000477;0,455645;0,359130;1;-0,0058;-0,3281;0,9713;0,0348;-0,8092;-197,8267
236;2873;4;16;23;26;36;43;0;0;-0,123966;-0,2154;3;3;0;-0,134406;-0,683229;0,602920;-0,002621;1;0,6723;-0,6789;0,6606;0,3428;0,3679;-212,9083
237;3978;10;25;26;28;38;39;0;0;1,676088;1,5846;3;3;0;-0,397498;2,726245;0,574323;1,513733;1;-1,9042;2,4634;-0,9465;-1,8943;-0,2505;-216,8884
238;1708;3;16;26;32;36;43;0;0;0,337914;0,2464;3;3;0;-0,291689;-0,341496;1,218469;0,731606;1;2,1726;-1,6710;-0,4000;2,4499;1,9201;-209,1668
239;4301;14;23;25;26;28;39;0;0;0,912891;0,8214;3;3;0;1,178910;-0,104856;0,507120;1,542330;1;0,4528;0,0789;1,0897;-0,3123;0,2136;-180,7081
240;2459;4;10;26;36;38;39;0;0;-0,585846;-0,6773;3;3;0;-1,004469;-0,607447;0,597200;-0,444445;1;-0,1945;-0,2138;0,4006;-0,4561;-0,0746;-198,9169
241;13;3;4;10;14;23;27;0;0;-0,021188;-0,1127;3;3;0;-0,413941;-0,314328;0,691570;-0,014060;1;-0,5808;0,4208;-1,2382;0,0205;0,4185;-196,2927
242;584;3;4;23;32;38;43;0;0;1,238973;1,1475;3;3;0;1,354067;1,105511;-0,313613;2,258684;1;1,3003;-0,4454;0,5351;0,7928;1,1312;-186,1530
243;1027;3;10;23;25;38;43;0;0;-0,379466;-0,4709;3;3;0;-0,154424;0,246887;-0,749717;1,834019;1;-0,9546;0,5331;-0,1633;0,0385;-1,3219;-217,8598
244;4580;16;23;25;28;32;36;0;0;1,077996;0,9865;3;3;0;1,157462;-1,333810;2,043492;0,010962;1;-2,7932;2,8713;-1,8315;-1,0735;-1,7262;-180,7908
245;985;3;10;16;28;36;38;0;0;0,315212;0,2237;3;3;0;-0,469705;1,212035;-0,196366;2,024904;1;0,7854;-0,5294;0,4981;1,3826;-0,3134;-203,3362
246;1054;3;10;23;27;28;43;0;0;-1,316435;-1,4079;3;3;0;-0,771403;-0,422282;-1,086447;0,732321;1;0,4891;-1,1879;-0,6169;1,8007;-0,1299;-190,2752
247;32;3;4;10;14;26;38;0;0;0,201703;0,1102;3;3;0;-0,693477;0,785940;0,256896;-0,956330;1;-0,5779;0,5420;0,0576;-0,1150;-0,7366;-171,9614
248;971;3;10;16;27;32;36;0;0;1,677326;1,5859;3;3;0;2,211976;-0,336491;1,029729;-0,743998;1;0,2129;0,7026;0,1638;0,4061;0,0056;-199,4974
249;3774;10;16;26;27;39;43;0;0;-1,178159;-1,2696;3;3;0;0,246649;-2,440513;0,153232;1,324993;1;0,7184;-1,3020;0,5231;-1,1966;2,1245;-193,7734
250;4857;23;25;28;36;38;39;0;0;0,733753;0,6423;3;3;0;0,201609;0,745904;0,323384;0,196842;1;-0,6437;0,8919;0,3258;-0,2958;-0,9381;-196,4938
251;4279;14;16;28;32;36;43;0;0;0,987189;0,8957;3;3;0;0,481144;0,440632;0,788085;-0,872684;1;0,4865;0,0921;0,1667;0,5463;0,3364;-186,4759
252;2030;4;10;14;16;27;38;0;0;-1,821655;-1,9131;3;3;0;-2,864702;-1,378136;1,087638;0,536432;1;-1,5051;0,1911;-0,9321;-0,8789;-0,5891;-197,6936
253;2739;4;14;25;28;32;38;0;0;-0,127268;-0,2187;3;3;0;1,246113;-0,655347;-0,811201;2,034913;1;-0,8458;0,5825;-0,0879;-0,5455;-0,6248;-194,5025
254;4269;14;16;27;32;36;43;0;0;0,086129;-0,0053;3;3;0;-1,163897;0,539291;0,773786;-1,502533;1;-0,1241;0,1003;0,6212;0,4831;-1,1125;-212,7733
255;4284;14;16;28;36;38;43;0;0;1,713649;1,6222;3;3;0;1,276140;-0,283587;1,975574;-0,925589;1;0,2029;0,7310;1,2084;0,6904;-1,3406;-203,9099
256;944;3;10;16;25;39;43;0;0;-1,659440;-1,7509;3;3;0;-2,006793;-0,417277;-0,450164;-0,533810;1;1,3188;-2,0685;-0,3428;2,3911;0,4427;-180,4691
257;3015;4;16;27;32;36;43;0;0;-0,433950;-0,5254;3;3;0;0,705630;0,472088;-1,929342;1,356450;1;-1,6816;1,1077;-1,5441;-0,3529;-0,8088;-200,8444
258;2858;4;16;23;26;27;36;0;0;0,577729;0,4863;3;3;0;-1,289009;1,312124;0,977540;-0,606732;1;-0,2586;0,4849;0,9347;0,4841;-1,6598;-202,2782
259;1927;3;25;27;32;39;43;0;0;-1,427880;-1,5194;3;3;0;-1,261127;0,049568;-1,261603;-0,392970;1;1,1117;-1,7678;1,1227;0,6948;0,3148;-219,7336
260;2419;4;10;25;32;36;39;0;0;0,991317;0,8998;3;3;0;-0,137980;0,403456;1,451535;1,292107;1;-1,0018;1,3327;-0,5925;-0,3875;-0,5484;-198,9326
261;706;3;4;28;32;39;43;0;0;1,596425;1,5050;3;3;0;0,142985;2,492465;0,129640;0,141078;1;0,0077;0,8284;-0,4003;0,6009;0,0195;-206,6377
262;2847;4;16;23;25;32;38;0;0;0,625196;0,5337;3;3;0;0,887936;-1,282336;1,477272;-0,481621;1;-0,8226;0,9805;-0,2137;-2,4158;1,4117;-202,1390
263;1265;3;14;16;25;32;36;0;0;0,003164;-0,0883;3;3;0;-0,455407;0,187548;0,273339;0,649390;1;0,0075;-0,0552;0,5510;0,4583;-0,7895;-211,1629
264;2966;4;16;25;36;39;43;0;0;-0,181340;-0,2728;3;3;0;-0,683468;0,558594;-0,189217;1,292821;1;0,3772;-0,4652;1,2841;1,0551;-1,4791;-198,1456
265;66;3;4;10;16;25;27;0;0;0,402305;0,3108;3;3;0;-0,012154;0,384153;0,324814;1,027585;1;0,9211;-0,5940;0,7719;1,2251;-0,1947;-208,8081
266;2823;4;14;32;36;38;39;0;0;0,816718;0,7252;3;3;0;2,129045;0,517844;-1,232291;0,087459;1;-0,3694;0,7096;0,1161;-1,4516;0,9026;-206,8113
267;1536;3;14;32;36;38;39;0;0;0,649962;0,5585;3;3;0;0,526899;-0,470897;1,069765;0,682276;1;-0,2982;0,5579;-0,1340;0,1494;-0,3251;-194,3918
268;4907;23;27;28;36;38;39;0;0;1,014431;0,9230;3;3;0;0,356747;0,531427;0,868871;-0,253560;1;0,0915;0,4358;0,2710;0,2005;-0,1062;-198,2546
269;565;3;4;23;27;36;39;0;0;0,160427;0,0690;3;3;0;0,145130;1,461544;-1,328806;0,695145;1;0,4211;-0,3121;0,1853;1,9744;-1,2235;-197,5153
270;4602;16;23;26;27;28;38;0;0;-0,681195;-0,7727;3;3;0;0,678463;-0,217099;-1,641228;3,044386;1;-0,7441;0,1906;-1,0353;1,2741;-1,3208;-200,7466
271;394;3;4;16;23;26;27;0;0;0,704859;0,6134;3;3;0;-0,489723;0,559309;1,151266;2,077808;1;-0,0715;0,3997;0,9865;0,4310;-1,3345;-180,0881
272;1910;3;25;26;36;39;43;0;0;-0,470686;-0,5622;3;3;0;-0,241644;0,287638;-0,861246;-0,654632;1;0,7404;-0,9279;-0,1780;1,1408;0,5265;-212,9055
273;449;3;4;16;25;39;43;0;0;-1,623117;-1,7146;3;3;0;-2,268455;-0,462318;-0,080548;-1,411022;1;0,9452;-1,7376;0,5956;1,1740;0,0744;-220,6245
274;1773;3;23;25;27;28;36;0;0;-0,405470;-0,4969;3;3;0;1,640036;-0,861246;-1,481085;-1,338815;1;0,5041;-0,6951;0,8960;0,0895;0,0945;-210,7509
275;888;3;10;16;23;25;43;0;0;1,644718;1,5532;3;3;0;-0,765684;1,548764;2,065655;0,570033;1;-0,3683;1,1680;-0,7103;2,1199;-1,8406;-193,0465
276;2516;4;14;16;23;27;38;0;0;-0,636204;-0,7277;3;3;0;-0,481859;-0,651773;0,031695;2,740543;1;-0,1226;-0,3016;-0,0523;-0,4371;0,4839;-211,3182
277;4351;14;23;26;27;28;39;0;0;2,124760;2,0333;3;3;0;-0,443253;2,909265;1,214180;0,650819;1;-1,2472;2,1656;-0,8706;0,1616;-1,2443;-192,3570
278;1861;3;23;27;38;39;43;0;0;0,193860;0,1024;3;3;0;-0,165862;-1,293060;1,794698;2,150731;1;-0,1124;0,1503;1,0359;-1,4394;0,4157;-212,1814
279;2017;4;10;14;16;25;38;0;0;2,505326;2,4139;3;3;0;2,547275;0,241168;1,550909;0,552160;1;-0,8527;2,0484;-0,0540;-0,4912;-0,7249;-217,6926
280;79;3;4;10;16;26;43;0;0;1,168803;1,0773;3;3;0;1,294728;-0,507358;1,237057;-1,086447;1;0,1352;0,4851;1,2292;-0,3450;-0,4432;-199,8983
281;3144;4;23;27;32;39;43;0;0;-0,095486;-0,1870;3;3;0;-0,087221;0,682276;-0,760441;0,734466;1;-1,8042;1,3975;1,4556;-3,0794;-1,2944;-198,3206
282;2948;4;16;25;28;32;36;0;0;-1,937228;-2,0287;3;3;0;-0,048615;-1,291630;-2,015133;1,623117;1;-0,0501;-1,0837;-0,7546;0,2754;0,5993;-192,9747
283;2856;4;16;23;26;27;28;0;0;-0,511962;-0,6034;3;3;0;0,665595;-1,676974;0,124635;0,815252;1;0,2701;-0,5595;0,8206;-0,5345;0,3886;-207,5012
284;3393;10;14;16;28;32;43;0;0;-0,601119;-0,6926;3;3;0;-0,359607;0,164671;-0,846232;0,316235;1;0,9301;-1,1581;1,2629;0,3461;0,2090;-202,9150
285;3309;10;14;16;23;27;39;0;0;0,175699;0,0842;3;3;0;0,280250;-0,094847;0,118916;1,478702;1;0,8475;-0,6585;-0,5811;-0,1245;2,3804;-214,5768
286;2826;4;14;32;38;39;43;0;0;0,805574;0,7141;3;3;0;1,145309;0,905333;-0,655347;1,007567;1;-0,6928;0,9725;-0,5231;-1,1284;0,6584;-205,8621
287;969;3;10;16;27;28;39;0;0;1,326479;1,2350;3;3;0;-0,200894;0,684421;1,814001;1,219899;1;0,6327;0,1587;-0,2899;1,3355;0,2571;-174,3103
288;1018;3;10;23;25;28;43;0;0;-1,751486;-1,8430;3;3;0;-1,918857;-0,617456;-0,497349;0,572178;1;0,7949;-1,6837;1,2328;-0,0235;0,3744;-196,8488
289;3742;10;16;25;28;32;39;0;0;0,864186;0,7727;3;3;0;0,142270;0,950373;0,404171;2,002741;1;2,1396;-1,3516;1,3124;1,8862;0,7140;-206,3088
290;1311;3;14;16;28;32;36;0;0;-1,323452;-1,4149;3;3;0;-1,725827;-0,819780;0,253322;-1,837832;1;-0,2497;-0,5771;0,2615;0,4719;-0,9589;-187,0985
291;3578;10;14;26;32;38;39;0;0;-0,966000;-1,0575;3;3;0;-1,416980;-0,289306;0,033125;-0,212809;1;-0,7026;-0,0020;1,8292;-1,2859;-1,5534;-211,1429
292;2330;4;10;23;26;32;43;0;0;-0,277513;-0,3690;3;3;0;-0,758535;0,346262;-0,068394;0,669407;1;-1,1621;0,7623;-0,2170;-0,6434;-0,9456;-192,6485
293;1959;3;26;27;32;36;43;0;0;0,268571;0,1771;3;3;0;-0,575514;0,845994;0,194698;-0,588859;1;0,2383;-0,1001;0,2301;-0,6929;1,0824;-197,5207
294;2812;4;14;27;38;39;43;0;0;1,155183;0,7184;4;3;0;0,501162;0,910099;0,589574;-1,633602;1;0,8027;-0,2694;-1,2198;1,4721;0,9872;-199,9244
295;1488;3;14;26;28;32;39;0;0;-0,123141;-0,5599;4;3;0;0,105094;0,357462;-0,675842;-1,252547;1;-2,4591;1,7355;-3,3000;0,2452;-1,3553;-190,8048
296;2421;4;10;25;32;38;39;0;0;0,485270;0,0485;4;3;0;-0,001430;0,759965;0,081978;0,914388;1;0,3390;-0,2552;1,1726;-0,9179;0,1816;-186,8879
297;4588;16;23;25;28;38;43;0;0;0,718480;0,2817;4;3;0;-0,192315;-0,248794;1,685553;-2,545846;1;-0,4829;0,5581;-1,7665;0,6247;0,1545;-200,8224
298;2292;4;10;23;25;26;38;0;0;1,641416;1,2047;4;3;0;0,949419;0,328150;1,565446;0,217337;1;-0,4549;1,0467;0,0682;-0,8689;-0,1381;-175,7168
299;4411;14;23;28;36;39;43;0;0;-0,965175;-1,4019;4;3;0;-1,389813;-1,852369;1,570450;-2,211976;1;2,0437;-2,4781;0,6482;0,5953;2,1453;-191,4945
300;4728;16;25;28;32;38;39;0;0;-1,115832;-1,5526;4;3;0;-0,109383;-0,757105;-1,066190;-1,162467;1;0,4545;-1,2394;-0,2979;-0,2561;1,1902;-216,3880
301;233;3;4;14;16;25;32;0;0;0,873679;0,4369;4;3;0;0,132976;-0,070778;1,451058;-0,702771;1;0,1805;0,0922;0,9123;-0,1215;-0,6291;-189,4000
302;2046;4;10;14;16;38;43;0;0;1,185314;0,7486;4;3;0;1,721538;-0,170867;0,502353;-1,672208;1;0,2317;0,2224;0,2689;0,2292;-0,2477;-205,4100
303;2659;4;14;23;26;32;39;0;0;0,750264;0,3135;4;3;0;0,331010;2,422879;-1,454394;-1,726542;1;-0,0754;0,2367;0,2038;-0,5007;0,0154;-225,7018
304;575;3;4;23;28;36;39;0;0;0,549661;0,1129;4;3;0;-1,534228;1,537802;0,948466;-0,200894;1;1,6183;-1,2839;1,1455;0,5908;0,9158;-201,6799
305;432;3;4;16;25;27;38;0;0;0,479492;0,0427;4;3;0;-0,601966;0,703486;0,728985;-1,518499;1;1,2400;-1,0081;1,8452;-0,5391;0,6907;-195,9383
306;4667;16;23;32;36;39;43;0;0;0,436151;-0,0006;4;3;0;-0,038606;0,063628;0,730414;-1,838070;1;0,1672;-0,1395;0,6719;0,2842;-0,8174;-209,1045
307;2159;4;10;14;32;36;39;0;0;0,290034;-0,1467;4;3;0;-0,065058;-0,027882;0,595294;-0,349598;1;1,8844;-1,6493;1,4751;0,9699;0,6680;-203,4779
308;2223;4;10;16;25;32;38;0;0;1,515111;1,0784;4;3;0;-1,094549;0,752815;2,965983;1,456301;1;1,5959;-0,7297;1,1198;1,0075;0,4860;-231,1214
309;61;3;4;10;16;23;36;0;0;-0,256462;-0,6932;4;3;0;-1,048079;-1,167471;1,771344;0,948705;1;-0,4018;-0,0502;-0,4086;1,0856;-1,5237;-192,2268
310;1209;3;10;32;38;39;43;0;0;0,735817;0,2991;4;3;0;-1,549956;1,217516;1,606912;0,586953;1;-0,4578;0,5468;1,0825;-0,6102;-1,4162;-206,7389
311;4832;23;25;27;28;32;38;0;0;0,722608;0,2859;4;3;0;0,150134;0,071492;1,029968;0,645577;1;-0,4193;0,5075;-2,2474;1,2180;0,1522;-209,5901
312;2556;4;14;16;25;36;38;0;0;1,392521;0,9558;4;3;0;0,704915;0,912243;0,794758;-0,825738;1;-1,4615;1,7462;-3,1054;-0,8667;1,2898;-218,5654
313;1880;3;25;26;27;28;39;0;0;0,128644;-0,3081;4;3;0;-0,403217;-0,055764;0,681799;-0,448972;1;-0,8888;0,5687;-1,3899;-0,6816;0,3811;-204,1294
314;3497;10;14;25;26;27;38;0;0;1,204301;0,7676;4;3;0;0,611975;0,183736;1,290200;0,436819;1;-0,7508;1,0505;-0,6802;-0,7240;-0,0472;-191,2591
315;4210;14;16;25;28;38;43;0;0;-0,866937;-1,3037;4;3;0;-0,657730;-1,335479;0,491630;-1,644326;1;0,8390;-1,4213;0,6276;-0,3253;1,0000;-203,6309
316;1722;3;16;27;28;36;43;0;0;-1,424991;-1,8617;4;3;0;-0,561216;-1,939590;0,032648;1,013048;1;-0,4950;-0,6209;0,3298;-1,7043;0,3662;-210,1432
317;1067;3;10;23;28;32;39;0;0;0,554614;0,1179;4;3;0;0,647007;-0,982306;1,295919;0,138695;1;-0,8937;0,8089;-0,5192;-1,0324;-0,1472;-203,3780
318;1083;3;10;23;36;39;43;0;0;1,626969;1,1902;4;3;0;0,347453;1,664344;0,806196;-0,253083;1;-0,5377;1,1076;-0,5787;0,6087;-1,1121;-191,5920
319;629;3;4;25;28;32;43;0;0;0,498066;0,0613;4;3;0;-0,752100;1,226810;0,387966;-1,752280;1;1,4192;-1,1468;1,2352;1,3039;-0,2319;-209,5945
320;4445;14;25;26;32;36;43;0;0;1,797027;1,3603;4;3;0;1,246828;0,173012;1,692702;0,068633;1;0,3277;0,4819;1,0047;-0,0807;-0,5074;-211,8189
321;1629;3;16;25;26;27;39;0;0;0,104291;-0,3325;4;3;0;0,114388;-1,059518;1,125768;-0,975872;1;-0,2347;0,0108;-1,6509;-1,1901;2,2836;-219,1587
322;3167;4;25;26;27;28;39;0;0;2,932947;2,4962;4;3;0;1,342628;1,637177;2,100209;-1,372655;1;-1,5264;2,6547;-0,0826;-2,5031;-0,2091;-198,5864
323;250;3;4;14;16;27;43;0;0;0,067968;-0,3688;4;3;0;-0,135836;-0,574084;0,827644;-2,175515;1;0,5428;-0,6562;0,6699;0,1365;-0,0171;-199,1754
324;4950;25;26;28;36;39;43;0;0;0,376714;-0,0600;4;3;0;-0,101519;2,096873;-1,342866;-2,490796;1;0,9232;-0,8014;-1,5544;0,5371;2,4654;-210,3798
325;3527;10;14;25;27;38;39;0;0;-0,457890;-0,8946;4;3;0;-0,864344;-1,604290;1,675544;-1,881681;1;-0,3354;-0,2171;-1,9514;1,5369;-0,3175;-202,5381
326;3168;4;25;26;27;28;43;0;0;0,207895;-0,2289;4;3;0;-0,727793;-0,150134;1,238011;-2,302771;1;-1,0751;0,7676;-1,1728;-1,0498;0,2096;-196,3467
327;1080;3;10;23;32;39;43;0;0;0,645009;0,2083;4;3;0;0,840036;0,227346;0,049806;0,789991;1;1,0757;-0,7795;0,3267;1,6101;-0,2246;-190,6995
328;456;3;4;16;26;28;32;0;0;-0,148732;-0,5855;4;3;0;-0,314567;-0,327435;0,384391;0,050760;1;-2,3894;1,6633;-0,4693;-2,2815;-1,5386;-196,8206
329;2648;4;14;23;26;27;36;0;0;0,917019;0,4803;4;3;0;0,156568;0,501162;0,930593;-0,060054;1;-0,7194;0,8650;-0,5543;-0,0894;-0,7532;-206,3973
330;1803;3;23;25;36;38;39;0;0;-0,908626;-1,3454;4;3;0;-0,609830;-0,496157;-0,467799;0,036461;1;-0,1720;-0,6032;0,1157;0,9047;-1,4693;-193,7126
331;2640;4;14;23;25;36;38;0;0;-1,238836;-1,6756;4;3;0;-0,422520;-2,137624;0,414418;-0,948705;1;-1,0738;-0,0360;-0,4930;-0,4870;-1,0308;-194,4643
332;1509;3;14;27;28;32;43;0;0;0,096036;-0,3407;4;3;0;-1,128865;1,324755;-0,029550;0,168722;1;-0,4473;0,1831;-0,1662;0,6586;-1,4179;-193,7675
333;1232;3;14;16;23;28;32;0;0;0,068381;-0,3684;4;3;0;-1,988919;1,350492;0,756867;1,334049;1;0,4147;-0,5494;2,0879;-1,0612;-0,4592;-201,3979
334;4052;10;26;28;36;38;39;0;0;-0,675416;-1,1122;4;3;0;-0,305988;-0,764969;-0,098898;-0,096515;1;2,1919;-2,4407;2,6223;1,5682;-0,5450;-196,4963
335;3069;4;23;25;27;36;39;0;0;1,490758;1,0540;4;3;0;0,339589;0,689187;1,553292;-0,944415;1;0,6638;0,0323;-0,2146;0,3672;0,8463;-223,7120
336;1794;3;23;25;28;38;39;0;0;0,598367;0,1616;4;3;0;0,289544;1,008758;-0,261901;1,169616;1;-0,5795;0,5718;0,6697;-1,5825;-0,2419;-201,4717
337;4504;14;26;27;36;38;39;0;0;1,304602;0,8679;4;3;0;0,042895;0,276676;1,940066;-1,344058;1;1,0621;-0,4023;1,2914;-0,1834;0,5807;-198,1500
338;222;3;4;14;16;23;26;0;0;0,300766;-0,1360;4;3;0;0,255943;-0,176586;0,441585;-1,213227;1;0,6311;-0,6006;0,6439;1,3752;-1,0768;-202,0727
339;1404;3;14;23;28;39;43;0;0;0,262379;-0,1744;4;3;0;0,393208;-0,491868;0,553113;0,713494;1;-0,6643;0,4560;-0,3963;0,2379;-1,1432;-202,6534
340;2119;4;10;14;26;28;36;0;0;2,067386;1,6306;4;3;0;-0,222341;0,341734;3,461425;0,183736;1;-0,9184;1,6686;-2,2707;0,7960;-0,2669;-194,1613
341;4859;23;25;28;36;39;43;0;0;0,692064;0,2553;4;3;0;0,520465;0,057194;0,621031;-0,695621;1;0,0327;0,1144;0,3930;-0,2423;-0,2450;-193,4684
342;2452;4;10;26;28;39;43;0;0;1,013192;0,5764;4;3;0;0,672029;0,179446;0,903426;2,297052;1;-0,9137;1,0800;0,1136;-0,2338;-1,6133;-196,4209
343;2776;4;14;26;28;32;43;0;0;-0,172259;-0,6090;4;3;0;-0,086506;0,975157;-1,187013;-0,602681;1;0,4558;-0,7170;-0,0379;0,5458;0,1306;-207,2175
344;841;3;10;14;26;36;39;0;0;-0,354287;-0,7910;4;3;0;-1,550671;1,675783;-0,738755;0,698481;1;1,4906;-1,6790;-0,2786;0,9511;1,7584;-204,4888
345;2331;4;10;23;26;36;38;0;0;-0,062878;-0,4996;4;3;0;-0,912243;0,527614;0,275722;0,168007;1;-1,2233;0,7407;-0,2562;-1,6367;-0,3768;-216,3846
346;3320;10;14;16;23;36;38;0;0;0,032884;-0,4039;4;3;0;-0,051475;-0,846470;0,954901;-1,634317;1;-0,5771;0,2562;0,4895;0,0108;-1,6508;-205,8691
